# Blender 3.3.1
# www.blender.org
o eye1
v -1.500000 14.415735 16.277784
v -1.500000 14.277785 16.415735
v -1.500000 14.097546 16.490393
v -1.500000 14.000000 16.500000
v -1.500000 13.902454 16.490393
v -1.500000 13.722215 16.415735
v -1.519030 14.490393 16.095671
v -1.537329 14.461940 16.187666
v -1.554193 14.415735 16.272448
v -1.568975 14.353554 16.346760
v -1.581106 14.277785 16.407747
v -1.590120 14.191341 16.453064
v -1.595671 14.097546 16.480970
v -1.597545 14.000000 16.490393
v -1.595671 13.902454 16.480970
v -1.590120 13.808659 16.453064
v -1.581106 13.722215 16.407747
v -1.568975 13.646446 16.346760
v -1.554193 13.584265 16.272448
v -1.537329 13.538060 16.187666
v -1.519030 13.509607 16.095671
v -1.537329 14.490393 16.090120
v -1.573223 14.461940 16.176777
v -1.606304 14.415735 16.256639
v -1.635299 14.353554 16.326641
v -1.659095 14.277785 16.384089
v -1.676777 14.191341 16.426777
v -1.687665 14.097546 16.453064
v -1.691342 14.000000 16.461939
v -1.687665 13.902454 16.453064
v -1.676777 13.808659 16.426777
v -1.659095 13.722215 16.384089
v -1.635299 13.646446 16.326641
v -1.606304 13.584265 16.256639
v -1.573223 13.538060 16.176777
v -1.537329 13.509607 16.090120
v -1.554193 14.490393 16.081106
v -1.606304 14.461940 16.159096
v -1.654329 14.415735 16.230970
v -1.696424 14.353554 16.293968
v -1.730970 14.277785 16.345671
v -1.756640 14.191341 16.384089
v -1.772448 14.097546 16.407747
v -1.777785 14.000000 16.415735
v -1.772448 13.902454 16.407747
v -1.756640 13.808659 16.384089
v -1.730970 13.722215 16.345671
v -1.696424 13.646446 16.293968
v -1.654329 13.584265 16.230970
v -1.606304 13.538060 16.159096
v -1.554193 13.509607 16.081106
v -1.568975 14.490393 16.068975
v -1.635299 14.461940 16.135300
v -1.696424 14.415735 16.196424
v -1.750000 14.353554 16.250000
v -1.793969 14.277785 16.293968
v -1.826641 14.191341 16.326641
v -1.846760 14.097546 16.346760
v -1.853553 14.000000 16.353554
v -1.846760 13.902454 16.346760
v -1.826641 13.808659 16.326641
v -1.793969 13.722215 16.293968
v -1.750000 13.646446 16.250000
v -1.696424 13.584265 16.196424
v -1.635299 13.538060 16.135300
v -1.568975 13.509607 16.068975
v -1.581106 14.490393 16.054193
v -1.659095 14.461940 16.106304
v -1.730970 14.415735 16.154329
v -1.793969 14.353554 16.196424
v -1.845671 14.277785 16.230970
v -1.884089 14.191341 16.256639
v -1.907747 14.097546 16.272448
v -1.915735 14.000000 16.277784
v -1.907747 13.902454 16.272448
v -1.884089 13.808659 16.256639
v -1.845671 13.722215 16.230970
v -1.793969 13.646446 16.196424
v -1.730970 13.584265 16.154329
v -1.659095 13.538060 16.106304
v -1.581106 13.509607 16.054193
v -1.500000 14.500000 16.000000
v -1.590120 14.490393 16.037329
v -1.676777 14.461940 16.073223
v -1.756640 14.415735 16.106304
v -1.826641 14.353554 16.135300
v -1.884089 14.277785 16.159094
v -1.926777 14.191341 16.176777
v -1.953064 14.097546 16.187666
v -1.961940 14.000000 16.191341
v -1.953064 13.902454 16.187666
v -1.926777 13.808659 16.176777
v -1.884089 13.722215 16.159094
v -1.826641 13.646446 16.135300
v -1.756640 13.584265 16.106304
v -1.676777 13.538060 16.073223
v -1.590120 13.509607 16.037329
v -1.595671 14.490393 16.019030
v -1.687665 14.461940 16.037329
v -1.772448 14.415735 16.054193
v -1.846760 14.353554 16.068975
v -1.907747 14.277785 16.081106
v -1.953064 14.191341 16.090120
v -1.980970 14.097546 16.095671
v -1.990393 14.000000 16.097546
v -1.980970 13.902454 16.095671
v -1.953064 13.808659 16.090120
v -1.907747 13.722215 16.081106
v -1.846760 13.646446 16.068975
v -1.772448 13.584265 16.054193
v -1.687665 13.538060 16.037329
v -1.595671 13.509607 16.019030
v -1.597545 14.490393 16.000000
v -1.691342 14.461940 16.000000
v -1.777785 14.415735 16.000000
v -1.853553 14.353554 16.000000
v -1.915735 14.277785 16.000000
v -1.961940 14.191341 16.000000
v -1.990393 14.097546 16.000000
v -2.000000 14.000000 16.000000
v -1.990393 13.902454 16.000000
v -1.961940 13.808659 16.000000
v -1.915735 13.722215 16.000000
v -1.853553 13.646446 16.000000
v -1.777785 13.584265 16.000000
v -1.691342 13.538060 16.000000
v -1.597545 13.509607 16.000000
v -1.595671 14.490393 15.980969
v -1.687665 14.461940 15.962671
v -1.772447 14.415735 15.945807
v -1.846760 14.353554 15.931026
v -1.907746 14.277785 15.918894
v -1.953064 14.191341 15.909880
v -1.980970 14.097546 15.904329
v -1.990392 14.000000 15.902454
v -1.980970 13.902454 15.904329
v -1.953064 13.808659 15.909880
v -1.907746 13.722215 15.918894
v -1.846760 13.646446 15.931026
v -1.772447 13.584265 15.945807
v -1.687665 13.538060 15.962671
v -1.595671 13.509607 15.980969
v -1.590120 14.490393 15.962671
v -1.676777 14.461940 15.926777
v -1.756640 14.415735 15.893696
v -1.826641 14.353554 15.864701
v -1.884089 14.277785 15.840905
v -1.926777 14.191341 15.823223
v -1.953064 14.097546 15.812335
v -1.961940 14.000000 15.808659
v -1.953064 13.902454 15.812335
v -1.926777 13.808659 15.823223
v -1.884089 13.722215 15.840905
v -1.826641 13.646446 15.864701
v -1.756640 13.584265 15.893696
v -1.676777 13.538060 15.926777
v -1.590120 13.509607 15.962671
v -1.581106 14.490393 15.945807
v -1.659095 14.461940 15.893696
v -1.730970 14.415735 15.845671
v -1.793969 14.353554 15.803576
v -1.845671 14.277785 15.769031
v -1.884089 14.191341 15.743361
v -1.907746 14.097546 15.727552
v -1.915735 14.000000 15.722215
v -1.907746 13.902454 15.727552
v -1.884089 13.808659 15.743361
v -1.845671 13.722215 15.769031
v -1.793969 13.646446 15.803576
v -1.730970 13.584265 15.845671
v -1.659095 13.538060 15.893696
v -1.581106 13.509607 15.945807
v -1.568975 14.490393 15.931026
v -1.635299 14.461940 15.864701
v -1.696424 14.415735 15.803576
v -1.750000 14.353554 15.750000
v -1.793969 14.277785 15.706031
v -1.826641 14.191341 15.673359
v -1.846760 14.097546 15.653240
v -1.853553 14.000000 15.646446
v -1.846760 13.902454 15.653240
v -1.826641 13.808659 15.673359
v -1.793969 13.722215 15.706031
v -1.750000 13.646446 15.750000
v -1.696424 13.584265 15.803576
v -1.635299 13.538060 15.864701
v -1.568975 13.509607 15.931026
v -1.554193 14.490393 15.918894
v -1.606304 14.461940 15.840905
v -1.654329 14.415735 15.769031
v -1.696424 14.353554 15.706031
v -1.730970 14.277785 15.654329
v -1.756640 14.191341 15.615911
v -1.772447 14.097546 15.592254
v -1.777785 14.000000 15.584266
v -1.772447 13.902454 15.592254
v -1.756640 13.808659 15.615911
v -1.730970 13.722215 15.654329
v -1.696424 13.646446 15.706031
v -1.654329 13.584265 15.769031
v -1.606304 13.538060 15.840905
v -1.554193 13.509607 15.918894
v -1.537329 14.490393 15.909880
v -1.573223 14.461940 15.823223
v -1.606304 14.415735 15.743361
v -1.635299 14.353554 15.673359
v -1.659095 14.277785 15.615911
v -1.676777 14.191341 15.573223
v -1.687665 14.097546 15.546936
v -1.691342 14.000000 15.538060
v -1.687665 13.902454 15.546936
v -1.676777 13.808659 15.573223
v -1.659095 13.722215 15.615911
v -1.635299 13.646446 15.673359
v -1.606304 13.584265 15.743361
v -1.573223 13.538060 15.823223
v -1.537329 13.509607 15.909880
v -1.519030 14.490393 15.904329
v -1.537329 14.461940 15.812335
v -1.554193 14.415735 15.727552
v -1.568975 14.353554 15.653240
v -1.581106 14.277785 15.592254
v -1.590120 14.191341 15.546936
v -1.595671 14.097546 15.519031
v -1.597545 14.000000 15.509607
v -1.595671 13.902454 15.519031
v -1.590120 13.808659 15.546936
v -1.581106 13.722215 15.592254
v -1.568975 13.646446 15.653240
v -1.554193 13.584265 15.727552
v -1.537329 13.538060 15.812335
v -1.519030 13.509607 15.904329
v -1.500000 14.490393 15.902455
v -1.500000 14.461940 15.808659
v -1.500000 14.415735 15.722215
v -1.500000 14.353554 15.646446
v -1.500000 14.277785 15.584266
v -1.500000 14.191341 15.538060
v -1.500000 14.097546 15.509607
v -1.500000 14.000000 15.500000
v -1.500000 13.902454 15.509607
v -1.500000 13.808659 15.538060
v -1.500000 13.722215 15.584266
v -1.500000 13.646446 15.646446
v -1.500000 13.584265 15.722215
v -1.500000 13.538060 15.808659
v -1.500000 13.509607 15.902455
v -1.480970 14.490393 15.904329
v -1.462671 14.461940 15.812335
v -1.445807 14.415735 15.727552
v -1.431025 14.353554 15.653240
v -1.418894 14.277785 15.592254
v -1.409880 14.191341 15.546936
v -1.404329 14.097546 15.519031
v -1.402455 14.000000 15.509607
v -1.404329 13.902454 15.519031
v -1.409880 13.808659 15.546936
v -1.418894 13.722215 15.592254
v -1.431025 13.646446 15.653240
v -1.445807 13.584265 15.727552
v -1.462671 13.538060 15.812335
v -1.480970 13.509607 15.904329
v -1.462671 14.490393 15.909880
v -1.426777 14.461940 15.823223
v -1.393696 14.415735 15.743361
v -1.364701 14.353554 15.673359
v -1.340905 14.277785 15.615911
v -1.323223 14.191341 15.573223
v -1.312335 14.097546 15.546936
v -1.308658 14.000000 15.538060
v -1.312335 13.902454 15.546936
v -1.323223 13.808659 15.573223
v -1.340905 13.722215 15.615911
v -1.364701 13.646446 15.673359
v -1.393696 13.584265 15.743361
v -1.426777 13.538060 15.823223
v -1.462671 13.509607 15.909880
v -1.445807 14.490393 15.918894
v -1.393696 14.461940 15.840905
v -1.345671 14.415735 15.769031
v -1.303576 14.353554 15.706031
v -1.269030 14.277785 15.654329
v -1.243360 14.191341 15.615911
v -1.227552 14.097546 15.592254
v -1.222215 14.000000 15.584266
v -1.227552 13.902454 15.592254
v -1.243360 13.808659 15.615911
v -1.269030 13.722215 15.654329
v -1.303576 13.646446 15.706031
v -1.345671 13.584265 15.769031
v -1.393696 13.538060 15.840905
v -1.445807 13.509607 15.918894
v -1.431025 14.490393 15.931026
v -1.364701 14.461940 15.864701
v -1.303576 14.415735 15.803576
v -1.250000 14.353554 15.750000
v -1.206031 14.277785 15.706031
v -1.173359 14.191341 15.673359
v -1.153240 14.097546 15.653240
v -1.146447 14.000000 15.646447
v -1.153240 13.902454 15.653240
v -1.173359 13.808659 15.673359
v -1.206031 13.722215 15.706031
v -1.250000 13.646446 15.750000
v -1.303576 13.584265 15.803576
v -1.364701 13.538060 15.864701
v -1.431025 13.509607 15.931026
v -1.500000 13.500000 16.000000
v -1.418894 14.490393 15.945807
v -1.340905 14.461940 15.893696
v -1.269030 14.415735 15.845671
v -1.206031 14.353554 15.803576
v -1.154329 14.277785 15.769031
v -1.115911 14.191341 15.743361
v -1.092254 14.097546 15.727552
v -1.084265 14.000000 15.722216
v -1.092254 13.902454 15.727552
v -1.115911 13.808659 15.743361
v -1.154329 13.722215 15.769031
v -1.206031 13.646446 15.803576
v -1.269030 13.584265 15.845671
v -1.340905 13.538060 15.893696
v -1.418894 13.509607 15.945807
v -1.409880 14.490393 15.962671
v -1.323223 14.461940 15.926777
v -1.243360 14.415735 15.893697
v -1.173359 14.353554 15.864701
v -1.115911 14.277785 15.840905
v -1.073223 14.191341 15.823223
v -1.046936 14.097546 15.812335
v -1.038061 14.000000 15.808659
v -1.046936 13.902454 15.812335
v -1.073223 13.808659 15.823223
v -1.115911 13.722215 15.840905
v -1.173359 13.646446 15.864701
v -1.243360 13.584265 15.893697
v -1.323223 13.538060 15.926777
v -1.409880 13.509607 15.962671
v -1.404329 14.490393 15.980970
v -1.312335 14.461940 15.962671
v -1.227553 14.415735 15.945807
v -1.153240 14.353554 15.931026
v -1.092254 14.277785 15.918894
v -1.046937 14.191341 15.909880
v -1.019030 14.097546 15.904329
v -1.009608 14.000000 15.902455
v -1.019030 13.902454 15.904329
v -1.046937 13.808659 15.909880
v -1.092254 13.722215 15.918894
v -1.153240 13.646446 15.931026
v -1.227553 13.584265 15.945807
v -1.312335 13.538060 15.962671
v -1.404329 13.509607 15.980970
v -1.402455 14.490393 16.000000
v -1.308658 14.461940 16.000000
v -1.222215 14.415735 16.000000
v -1.146447 14.353554 16.000000
v -1.084265 14.277785 16.000000
v -1.038060 14.191341 16.000000
v -1.009608 14.097546 16.000000
v -1.000000 14.000000 16.000000
v -1.009608 13.902454 16.000000
v -1.038060 13.808659 16.000000
v -1.084265 13.722215 16.000000
v -1.146447 13.646446 16.000000
v -1.222215 13.584265 16.000000
v -1.308658 13.538060 16.000000
v -1.402455 13.509607 16.000000
v -1.404329 14.490393 16.019030
v -1.312335 14.461940 16.037329
v -1.227553 14.415735 16.054193
v -1.153240 14.353554 16.068975
v -1.092254 14.277785 16.081106
v -1.046937 14.191341 16.090120
v -1.019030 14.097546 16.095671
v -1.009608 14.000000 16.097546
v -1.019030 13.902454 16.095671
v -1.046937 13.808659 16.090120
v -1.092254 13.722215 16.081106
v -1.153240 13.646446 16.068975
v -1.227553 13.584265 16.054193
v -1.312335 13.538060 16.037329
v -1.404329 13.509607 16.019030
v -1.409880 14.490393 16.037329
v -1.323223 14.461940 16.073223
v -1.243360 14.415735 16.106304
v -1.173359 14.353554 16.135300
v -1.115911 14.277785 16.159096
v -1.073223 14.191341 16.176777
v -1.046937 14.097546 16.187666
v -1.038061 14.000000 16.191341
v -1.046937 13.902454 16.187666
v -1.073223 13.808659 16.176777
v -1.115911 13.722215 16.159096
v -1.173359 13.646446 16.135300
v -1.243360 13.584265 16.106304
v -1.323223 13.538060 16.073223
v -1.409880 13.509607 16.037329
v -1.418894 14.490393 16.054193
v -1.340905 14.461940 16.106304
v -1.269030 14.415735 16.154329
v -1.206031 14.353554 16.196424
v -1.154329 14.277785 16.230970
v -1.115911 14.191341 16.256639
v -1.092254 14.097546 16.272448
v -1.084266 14.000000 16.277784
v -1.092254 13.902454 16.272448
v -1.115911 13.808659 16.256639
v -1.154329 13.722215 16.230970
v -1.206031 13.646446 16.196424
v -1.269030 13.584265 16.154329
v -1.340905 13.538060 16.106304
v -1.418894 13.509607 16.054193
v -1.431025 14.490393 16.068975
v -1.364701 14.461940 16.135300
v -1.303576 14.415735 16.196424
v -1.250000 14.353554 16.250000
v -1.206031 14.277785 16.293968
v -1.173359 14.191341 16.326641
v -1.153240 14.097546 16.346760
v -1.146447 14.000000 16.353554
v -1.153240 13.902454 16.346760
v -1.173359 13.808659 16.326641
v -1.206031 13.722215 16.293968
v -1.250000 13.646446 16.250000
v -1.303576 13.584265 16.196424
v -1.364701 13.538060 16.135300
v -1.431025 13.509607 16.068975
v -1.445807 14.490393 16.081106
v -1.393696 14.461940 16.159094
v -1.345671 14.415735 16.230970
v -1.303576 14.353554 16.293968
v -1.269030 14.277785 16.345671
v -1.243360 14.191341 16.384089
v -1.227553 14.097546 16.407747
v -1.222215 14.000000 16.415735
v -1.227553 13.902454 16.407747
v -1.243360 13.808659 16.384089
v -1.269030 13.722215 16.345671
v -1.303576 13.646446 16.293968
v -1.345671 13.584265 16.230970
v -1.393696 13.538060 16.159094
v -1.445807 13.509607 16.081106
v -1.462671 14.490393 16.090120
v -1.426777 14.461940 16.176777
v -1.393696 14.415735 16.256639
v -1.364701 14.353554 16.326641
v -1.340905 14.277785 16.384089
v -1.323223 14.191341 16.426777
v -1.312335 14.097546 16.453064
v -1.308659 14.000000 16.461939
v -1.312335 13.902454 16.453064
v -1.323223 13.808659 16.426777
v -1.340905 13.722215 16.384089
v -1.364701 13.646446 16.326641
v -1.393696 13.584265 16.256639
v -1.426777 13.538060 16.176777
v -1.462671 13.509607 16.090120
v -1.480970 14.490393 16.095671
v -1.462671 14.461940 16.187666
v -1.445807 14.415735 16.272448
v -1.431025 14.353554 16.346760
v -1.418894 14.277785 16.407745
v -1.409880 14.191341 16.453064
v -1.404329 14.097546 16.480970
v -1.402455 14.000000 16.490393
v -1.404329 13.902454 16.480970
v -1.409880 13.808659 16.453064
v -1.418894 13.722215 16.407745
v -1.431025 13.646446 16.346760
v -1.445807 13.584265 16.272448
v -1.462671 13.538060 16.187666
v -1.480970 13.509607 16.095671
v -1.500000 14.490393 16.097546
v -1.500000 14.461940 16.191341
v -1.500000 14.353554 16.353554
v -1.500000 14.191341 16.461939
v -1.500000 13.808659 16.461939
v -1.500000 13.646446 16.353554
v -1.500000 13.584265 16.277784
v -1.500000 13.538060 16.191341
v -1.500000 13.509607 16.097546
v 1.500000 14.415735 16.277784
v 1.500000 14.277785 16.415735
v 1.500000 14.097546 16.490393
v 1.500000 14.000000 16.500000
v 1.500000 13.902454 16.490393
v 1.500000 13.722215 16.415735
v 1.480970 14.490393 16.095671
v 1.462671 14.461940 16.187666
v 1.445807 14.415735 16.272448
v 1.431025 14.353554 16.346760
v 1.418894 14.277785 16.407747
v 1.409880 14.191341 16.453064
v 1.404329 14.097546 16.480970
v 1.402455 14.000000 16.490393
v 1.404329 13.902454 16.480970
v 1.409880 13.808659 16.453064
v 1.418894 13.722215 16.407747
v 1.431025 13.646446 16.346760
v 1.445807 13.584265 16.272448
v 1.462671 13.538060 16.187666
v 1.480970 13.509607 16.095671
v 1.462671 14.490393 16.090120
v 1.426777 14.461940 16.176777
v 1.393696 14.415735 16.256639
v 1.364701 14.353554 16.326641
v 1.340905 14.277785 16.384089
v 1.323223 14.191341 16.426777
v 1.312335 14.097546 16.453064
v 1.308658 14.000000 16.461939
v 1.312335 13.902454 16.453064
v 1.323223 13.808659 16.426777
v 1.340905 13.722215 16.384089
v 1.364701 13.646446 16.326641
v 1.393696 13.584265 16.256639
v 1.426777 13.538060 16.176777
v 1.462671 13.509607 16.090120
v 1.445807 14.490393 16.081106
v 1.393696 14.461940 16.159096
v 1.345671 14.415735 16.230970
v 1.303576 14.353554 16.293968
v 1.269030 14.277785 16.345671
v 1.243360 14.191341 16.384089
v 1.227552 14.097546 16.407747
v 1.222215 14.000000 16.415735
v 1.227552 13.902454 16.407747
v 1.243360 13.808659 16.384089
v 1.269030 13.722215 16.345671
v 1.303576 13.646446 16.293968
v 1.345671 13.584265 16.230970
v 1.393696 13.538060 16.159096
v 1.445807 13.509607 16.081106
v 1.431025 14.490393 16.068975
v 1.364701 14.461940 16.135300
v 1.303576 14.415735 16.196424
v 1.250000 14.353554 16.250000
v 1.206031 14.277785 16.293968
v 1.173359 14.191341 16.326641
v 1.153240 14.097546 16.346760
v 1.146447 14.000000 16.353554
v 1.153240 13.902454 16.346760
v 1.173359 13.808659 16.326641
v 1.206031 13.722215 16.293968
v 1.250000 13.646446 16.250000
v 1.303576 13.584265 16.196424
v 1.364701 13.538060 16.135300
v 1.431025 13.509607 16.068975
v 1.418894 14.490393 16.054193
v 1.340905 14.461940 16.106304
v 1.269030 14.415735 16.154329
v 1.206031 14.353554 16.196424
v 1.154329 14.277785 16.230970
v 1.115911 14.191341 16.256639
v 1.092253 14.097546 16.272448
v 1.084265 14.000000 16.277784
v 1.092253 13.902454 16.272448
v 1.115911 13.808659 16.256639
v 1.154329 13.722215 16.230970
v 1.206031 13.646446 16.196424
v 1.269030 13.584265 16.154329
v 1.340905 13.538060 16.106304
v 1.418894 13.509607 16.054193
v 1.500000 14.500000 16.000000
v 1.409880 14.490393 16.037329
v 1.323223 14.461940 16.073223
v 1.243360 14.415735 16.106304
v 1.173359 14.353554 16.135300
v 1.115911 14.277785 16.159094
v 1.073223 14.191341 16.176777
v 1.046936 14.097546 16.187666
v 1.038060 14.000000 16.191341
v 1.046936 13.902454 16.187666
v 1.073223 13.808659 16.176777
v 1.115911 13.722215 16.159094
v 1.173359 13.646446 16.135300
v 1.243360 13.584265 16.106304
v 1.323223 13.538060 16.073223
v 1.409880 13.509607 16.037329
v 1.404329 14.490393 16.019030
v 1.312335 14.461940 16.037329
v 1.227552 14.415735 16.054193
v 1.153240 14.353554 16.068975
v 1.092253 14.277785 16.081106
v 1.046936 14.191341 16.090120
v 1.019030 14.097546 16.095671
v 1.009608 14.000000 16.097546
v 1.019030 13.902454 16.095671
v 1.046936 13.808659 16.090120
v 1.092253 13.722215 16.081106
v 1.153240 13.646446 16.068975
v 1.227552 13.584265 16.054193
v 1.312335 13.538060 16.037329
v 1.404329 13.509607 16.019030
v 1.402455 14.490393 16.000000
v 1.308658 14.461940 16.000000
v 1.222215 14.415735 16.000000
v 1.146447 14.353554 16.000000
v 1.084265 14.277785 16.000000
v 1.038060 14.191341 16.000000
v 1.009607 14.097546 16.000000
v 1.000000 14.000000 16.000000
v 1.009607 13.902454 16.000000
v 1.038060 13.808659 16.000000
v 1.084265 13.722215 16.000000
v 1.146447 13.646446 16.000000
v 1.222215 13.584265 16.000000
v 1.308658 13.538060 16.000000
v 1.402455 13.509607 16.000000
v 1.404329 14.490393 15.980969
v 1.312335 14.461940 15.962671
v 1.227552 14.415735 15.945807
v 1.153240 14.353554 15.931026
v 1.092253 14.277785 15.918894
v 1.046936 14.191341 15.909880
v 1.019030 14.097546 15.904329
v 1.009608 14.000000 15.902454
v 1.019030 13.902454 15.904329
v 1.046936 13.808659 15.909880
v 1.092253 13.722215 15.918894
v 1.153240 13.646446 15.931026
v 1.227552 13.584265 15.945807
v 1.312335 13.538060 15.962671
v 1.404329 13.509607 15.980969
v 1.409880 14.490393 15.962671
v 1.323223 14.461940 15.926777
v 1.243360 14.415735 15.893696
v 1.173359 14.353554 15.864701
v 1.115911 14.277785 15.840905
v 1.073223 14.191341 15.823223
v 1.046937 14.097546 15.812335
v 1.038060 14.000000 15.808659
v 1.046937 13.902454 15.812335
v 1.073223 13.808659 15.823223
v 1.115911 13.722215 15.840905
v 1.173359 13.646446 15.864701
v 1.243360 13.584265 15.893696
v 1.323223 13.538060 15.926777
v 1.409880 13.509607 15.962671
v 1.418894 14.490393 15.945807
v 1.340905 14.461940 15.893696
v 1.269030 14.415735 15.845671
v 1.206031 14.353554 15.803576
v 1.154329 14.277785 15.769031
v 1.115911 14.191341 15.743361
v 1.092253 14.097546 15.727552
v 1.084265 14.000000 15.722215
v 1.092253 13.902454 15.727552
v 1.115911 13.808659 15.743361
v 1.154329 13.722215 15.769031
v 1.206031 13.646446 15.803576
v 1.269030 13.584265 15.845671
v 1.340905 13.538060 15.893696
v 1.418894 13.509607 15.945807
v 1.431025 14.490393 15.931026
v 1.364701 14.461940 15.864701
v 1.303576 14.415735 15.803576
v 1.250000 14.353554 15.750000
v 1.206031 14.277785 15.706031
v 1.173359 14.191341 15.673359
v 1.153240 14.097546 15.653240
v 1.146447 14.000000 15.646446
v 1.153240 13.902454 15.653240
v 1.173359 13.808659 15.673359
v 1.206031 13.722215 15.706031
v 1.250000 13.646446 15.750000
v 1.303576 13.584265 15.803576
v 1.364701 13.538060 15.864701
v 1.431025 13.509607 15.931026
v 1.445807 14.490393 15.918894
v 1.393696 14.461940 15.840905
v 1.345671 14.415735 15.769031
v 1.303576 14.353554 15.706031
v 1.269030 14.277785 15.654329
v 1.243360 14.191341 15.615911
v 1.227553 14.097546 15.592254
v 1.222215 14.000000 15.584266
v 1.227553 13.902454 15.592254
v 1.243360 13.808659 15.615911
v 1.269030 13.722215 15.654329
v 1.303576 13.646446 15.706031
v 1.345671 13.584265 15.769031
v 1.393696 13.538060 15.840905
v 1.445807 13.509607 15.918894
v 1.462671 14.490393 15.909880
v 1.426777 14.461940 15.823223
v 1.393696 14.415735 15.743361
v 1.364701 14.353554 15.673359
v 1.340905 14.277785 15.615911
v 1.323223 14.191341 15.573223
v 1.312335 14.097546 15.546936
v 1.308659 14.000000 15.538060
v 1.312335 13.902454 15.546936
v 1.323223 13.808659 15.573223
v 1.340905 13.722215 15.615911
v 1.364701 13.646446 15.673359
v 1.393696 13.584265 15.743361
v 1.426777 13.538060 15.823223
v 1.462671 13.509607 15.909880
v 1.480970 14.490393 15.904329
v 1.462671 14.461940 15.812335
v 1.445807 14.415735 15.727552
v 1.431025 14.353554 15.653240
v 1.418894 14.277785 15.592254
v 1.409880 14.191341 15.546936
v 1.404329 14.097546 15.519031
v 1.402455 14.000000 15.509607
v 1.404329 13.902454 15.519031
v 1.409880 13.808659 15.546936
v 1.418894 13.722215 15.592254
v 1.431025 13.646446 15.653240
v 1.445807 13.584265 15.727552
v 1.462671 13.538060 15.812335
v 1.480970 13.509607 15.904329
v 1.500000 14.490393 15.902455
v 1.500000 14.461940 15.808659
v 1.500000 14.415735 15.722215
v 1.500000 14.353554 15.646446
v 1.500000 14.277785 15.584266
v 1.500000 14.191341 15.538060
v 1.500000 14.097546 15.509607
v 1.500000 14.000000 15.500000
v 1.500000 13.902454 15.509607
v 1.500000 13.808659 15.538060
v 1.500000 13.722215 15.584266
v 1.500000 13.646446 15.646446
v 1.500000 13.584265 15.722215
v 1.500000 13.538060 15.808659
v 1.500000 13.509607 15.902455
v 1.519030 14.490393 15.904329
v 1.537329 14.461940 15.812335
v 1.554193 14.415735 15.727552
v 1.568975 14.353554 15.653240
v 1.581106 14.277785 15.592254
v 1.590120 14.191341 15.546936
v 1.595671 14.097546 15.519031
v 1.597545 14.000000 15.509607
v 1.595671 13.902454 15.519031
v 1.590120 13.808659 15.546936
v 1.581106 13.722215 15.592254
v 1.568975 13.646446 15.653240
v 1.554193 13.584265 15.727552
v 1.537329 13.538060 15.812335
v 1.519030 13.509607 15.904329
v 1.537329 14.490393 15.909880
v 1.573223 14.461940 15.823223
v 1.606304 14.415735 15.743361
v 1.635299 14.353554 15.673359
v 1.659095 14.277785 15.615911
v 1.676777 14.191341 15.573223
v 1.687665 14.097546 15.546936
v 1.691342 14.000000 15.538060
v 1.687665 13.902454 15.546936
v 1.676777 13.808659 15.573223
v 1.659095 13.722215 15.615911
v 1.635299 13.646446 15.673359
v 1.606304 13.584265 15.743361
v 1.573223 13.538060 15.823223
v 1.537329 13.509607 15.909880
v 1.554193 14.490393 15.918894
v 1.606304 14.461940 15.840905
v 1.654329 14.415735 15.769031
v 1.696424 14.353554 15.706031
v 1.730970 14.277785 15.654329
v 1.756640 14.191341 15.615911
v 1.772448 14.097546 15.592254
v 1.777785 14.000000 15.584266
v 1.772448 13.902454 15.592254
v 1.756640 13.808659 15.615911
v 1.730970 13.722215 15.654329
v 1.696424 13.646446 15.706031
v 1.654329 13.584265 15.769031
v 1.606304 13.538060 15.840905
v 1.554193 13.509607 15.918894
v 1.568975 14.490393 15.931026
v 1.635299 14.461940 15.864701
v 1.696424 14.415735 15.803576
v 1.750000 14.353554 15.750000
v 1.793969 14.277785 15.706031
v 1.826641 14.191341 15.673359
v 1.846760 14.097546 15.653240
v 1.853553 14.000000 15.646447
v 1.846760 13.902454 15.653240
v 1.826641 13.808659 15.673359
v 1.793969 13.722215 15.706031
v 1.750000 13.646446 15.750000
v 1.696424 13.584265 15.803576
v 1.635299 13.538060 15.864701
v 1.568975 13.509607 15.931026
v 1.500000 13.500000 16.000000
v 1.581106 14.490393 15.945807
v 1.659095 14.461940 15.893696
v 1.730970 14.415735 15.845671
v 1.793969 14.353554 15.803576
v 1.845671 14.277785 15.769031
v 1.884089 14.191341 15.743361
v 1.907747 14.097546 15.727552
v 1.915735 14.000000 15.722216
v 1.907747 13.902454 15.727552
v 1.884089 13.808659 15.743361
v 1.845671 13.722215 15.769031
v 1.793969 13.646446 15.803576
v 1.730970 13.584265 15.845671
v 1.659095 13.538060 15.893696
v 1.581106 13.509607 15.945807
v 1.590120 14.490393 15.962671
v 1.676777 14.461940 15.926777
v 1.756640 14.415735 15.893697
v 1.826641 14.353554 15.864701
v 1.884089 14.277785 15.840905
v 1.926776 14.191341 15.823223
v 1.953063 14.097546 15.812335
v 1.961939 14.000000 15.808659
v 1.953063 13.902454 15.812335
v 1.926776 13.808659 15.823223
v 1.884089 13.722215 15.840905
v 1.826641 13.646446 15.864701
v 1.756640 13.584265 15.893697
v 1.676777 13.538060 15.926777
v 1.590120 13.509607 15.962671
v 1.595671 14.490393 15.980970
v 1.687665 14.461940 15.962671
v 1.772447 14.415735 15.945807
v 1.846760 14.353554 15.931026
v 1.907746 14.277785 15.918894
v 1.953063 14.191341 15.909880
v 1.980970 14.097546 15.904329
v 1.990392 14.000000 15.902455
v 1.980970 13.902454 15.904329
v 1.953063 13.808659 15.909880
v 1.907746 13.722215 15.918894
v 1.846760 13.646446 15.931026
v 1.772447 13.584265 15.945807
v 1.687665 13.538060 15.962671
v 1.595671 13.509607 15.980970
v 1.597545 14.490393 16.000000
v 1.691342 14.461940 16.000000
v 1.777785 14.415735 16.000000
v 1.853553 14.353554 16.000000
v 1.915735 14.277785 16.000000
v 1.961940 14.191341 16.000000
v 1.990392 14.097546 16.000000
v 2.000000 14.000000 16.000000
v 1.990392 13.902454 16.000000
v 1.961940 13.808659 16.000000
v 1.915735 13.722215 16.000000
v 1.853553 13.646446 16.000000
v 1.777785 13.584265 16.000000
v 1.691342 13.538060 16.000000
v 1.597545 13.509607 16.000000
v 1.595671 14.490393 16.019030
v 1.687665 14.461940 16.037329
v 1.772447 14.415735 16.054193
v 1.846760 14.353554 16.068975
v 1.907746 14.277785 16.081106
v 1.953063 14.191341 16.090120
v 1.980970 14.097546 16.095671
v 1.990392 14.000000 16.097546
v 1.980970 13.902454 16.095671
v 1.953063 13.808659 16.090120
v 1.907746 13.722215 16.081106
v 1.846760 13.646446 16.068975
v 1.772447 13.584265 16.054193
v 1.687665 13.538060 16.037329
v 1.595671 13.509607 16.019030
v 1.590120 14.490393 16.037329
v 1.676777 14.461940 16.073223
v 1.756640 14.415735 16.106304
v 1.826641 14.353554 16.135300
v 1.884089 14.277785 16.159096
v 1.926776 14.191341 16.176777
v 1.953063 14.097546 16.187666
v 1.961939 14.000000 16.191341
v 1.953063 13.902454 16.187666
v 1.926776 13.808659 16.176777
v 1.884089 13.722215 16.159096
v 1.826641 13.646446 16.135300
v 1.756640 13.584265 16.106304
v 1.676777 13.538060 16.073223
v 1.590120 13.509607 16.037329
v 1.581106 14.490393 16.054193
v 1.659095 14.461940 16.106304
v 1.730970 14.415735 16.154329
v 1.793969 14.353554 16.196424
v 1.845671 14.277785 16.230970
v 1.884089 14.191341 16.256639
v 1.907746 14.097546 16.272448
v 1.915734 14.000000 16.277784
v 1.907746 13.902454 16.272448
v 1.884089 13.808659 16.256639
v 1.845671 13.722215 16.230970
v 1.793969 13.646446 16.196424
v 1.730970 13.584265 16.154329
v 1.659095 13.538060 16.106304
v 1.581106 13.509607 16.054193
v 1.568975 14.490393 16.068975
v 1.635299 14.461940 16.135300
v 1.696424 14.415735 16.196424
v 1.750000 14.353554 16.250000
v 1.793969 14.277785 16.293968
v 1.826641 14.191341 16.326641
v 1.846760 14.097546 16.346760
v 1.853553 14.000000 16.353554
v 1.846760 13.902454 16.346760
v 1.826641 13.808659 16.326641
v 1.793969 13.722215 16.293968
v 1.750000 13.646446 16.250000
v 1.696424 13.584265 16.196424
v 1.635299 13.538060 16.135300
v 1.568975 13.509607 16.068975
v 1.554193 14.490393 16.081106
v 1.606304 14.461940 16.159094
v 1.654329 14.415735 16.230970
v 1.696424 14.353554 16.293968
v 1.730970 14.277785 16.345671
v 1.756640 14.191341 16.384089
v 1.772447 14.097546 16.407747
v 1.777785 14.000000 16.415735
v 1.772447 13.902454 16.407747
v 1.756640 13.808659 16.384089
v 1.730970 13.722215 16.345671
v 1.696424 13.646446 16.293968
v 1.654329 13.584265 16.230970
v 1.606304 13.538060 16.159094
v 1.554193 13.509607 16.081106
v 1.537329 14.490393 16.090120
v 1.573223 14.461940 16.176777
v 1.606303 14.415735 16.256639
v 1.635299 14.353554 16.326641
v 1.659095 14.277785 16.384089
v 1.676777 14.191341 16.426777
v 1.687665 14.097546 16.453064
v 1.691341 14.000000 16.461939
v 1.687665 13.902454 16.453064
v 1.676777 13.808659 16.426777
v 1.659095 13.722215 16.384089
v 1.635299 13.646446 16.326641
v 1.606303 13.584265 16.256639
v 1.573223 13.538060 16.176777
v 1.537329 13.509607 16.090120
v 1.519030 14.490393 16.095671
v 1.537329 14.461940 16.187666
v 1.554193 14.415735 16.272448
v 1.568975 14.353554 16.346760
v 1.581106 14.277785 16.407745
v 1.590120 14.191341 16.453064
v 1.595671 14.097546 16.480970
v 1.597545 14.000000 16.490393
v 1.595671 13.902454 16.480970
v 1.590120 13.808659 16.453064
v 1.581106 13.722215 16.407745
v 1.568975 13.646446 16.346760
v 1.554193 13.584265 16.272448
v 1.537329 13.538060 16.187666
v 1.519030 13.509607 16.095671
v 1.500000 14.490393 16.097546
v 1.500000 14.461940 16.191341
v 1.500000 14.353554 16.353554
v 1.500000 14.191341 16.461939
v 1.500000 13.808659 16.461939
v 1.500000 13.646446 16.353554
v 1.500000 13.584265 16.277784
v 1.500000 13.538060 16.191341
v 1.500000 13.509607 16.097546
vn -0.0938 -0.2890 0.9527
vn -0.0464 0.8810 0.4709
vn -0.0865 -0.4696 0.8786
vn -0.0624 0.7715 0.6332
vn -0.0759 -0.6326 0.7708
vn -0.0759 0.6326 0.7708
vn -0.0624 -0.7715 0.6332
vn -0.0865 0.4696 0.8786
vn -0.0464 -0.8810 0.4709
vn -0.0938 0.2890 0.9527
vn -0.0286 -0.9565 0.2902
vn -0.0975 0.0975 0.9904
vn -0.0097 0.9951 0.0980
vn -0.0097 -0.9951 0.0980
vn -0.0975 -0.0975 0.9904
vn -0.0286 0.9565 0.2902
vn -0.0286 -0.9951 0.0942
vn -0.2889 -0.0976 0.9524
vn -0.0846 0.9565 0.2790
vn -0.2779 -0.2890 0.9161
vn -0.1374 0.8810 0.4528
vn -0.2563 -0.4696 0.8448
vn -0.1847 0.7715 0.6088
vn -0.2248 -0.6326 0.7412
vn -0.2248 0.6326 0.7412
vn -0.1847 -0.7715 0.6088
vn -0.2563 0.4696 0.8448
vn -0.1374 -0.8810 0.4528
vn -0.2779 0.2890 0.9161
vn -0.0846 -0.9565 0.2790
vn -0.2889 0.0976 0.9524
vn -0.0286 0.9951 0.0942
vn -0.2999 -0.7715 0.5611
vn -0.4162 0.4696 0.7786
vn -0.2230 -0.8810 0.4173
vn -0.4513 0.2890 0.8443
vn -0.1374 -0.9565 0.2571
vn -0.4691 0.0975 0.8777
vn -0.0464 0.9951 0.0869
vn -0.0464 -0.9951 0.0869
vn -0.4691 -0.0975 0.8777
vn -0.1374 0.9565 0.2571
vn -0.4513 -0.2890 0.8443
vn -0.2230 0.8810 0.4173
vn -0.4162 -0.4696 0.7786
vn -0.2999 0.7715 0.5611
vn -0.3651 -0.6326 0.6831
vn -0.3651 0.6326 0.6831
vn -0.1850 0.9565 0.2254
vn -0.6073 -0.2890 0.7400
vn -0.3002 0.8810 0.3658
vn -0.5601 -0.4696 0.6825
vn -0.4036 0.7715 0.4918
vn -0.4913 -0.6326 0.5987
vn -0.4913 0.6326 0.5987
vn -0.4036 -0.7715 0.4918
vn -0.5601 0.4696 0.6825
vn -0.3002 -0.8810 0.3658
vn -0.6073 0.2890 0.7400
vn -0.1850 -0.9565 0.2254
vn -0.6314 0.0975 0.7693
vn -0.0625 0.9951 0.0761
vn -0.0625 -0.9951 0.0761
vn -0.6314 -0.0975 0.7693
vn -0.6825 0.4696 0.5601
vn -0.3658 -0.8810 0.3002
vn -0.7400 0.2890 0.6073
vn -0.2254 -0.9565 0.1850
vn -0.7693 0.0975 0.6314
vn -0.0761 0.9951 0.0625
vn -0.0761 -0.9951 0.0625
vn -0.7693 -0.0975 0.6314
vn -0.2254 0.9565 0.1850
vn -0.7400 -0.2890 0.6073
vn -0.3658 0.8810 0.3002
vn -0.6825 -0.4696 0.5601
vn -0.4918 0.7715 0.4036
vn -0.5987 -0.6326 0.4913
vn -0.5987 0.6326 0.4913
vn -0.4918 -0.7715 0.4036
vn -0.8443 -0.2890 0.4513
vn -0.4173 0.8810 0.2230
vn -0.7786 -0.4696 0.4162
vn -0.5611 0.7715 0.2999
vn -0.6831 -0.6326 0.3651
vn -0.6831 0.6326 0.3651
vn -0.5611 -0.7715 0.2999
vn -0.7786 0.4696 0.4162
vn -0.4173 -0.8810 0.2230
vn -0.8443 0.2890 0.4513
vn -0.2571 -0.9565 0.1374
vn -0.8777 0.0975 0.4691
vn -0.0869 0.9951 0.0464
vn -0.0869 -0.9951 0.0464
vn -0.8777 -0.0975 0.4691
vn -0.2571 0.9565 0.1374
vn -0.4528 -0.8810 0.1374
vn -0.9161 0.2890 0.2779
vn -0.2790 -0.9565 0.0846
vn -0.9524 0.0975 0.2889
vn -0.0942 0.9951 0.0286
vn -0.0942 -0.9951 0.0286
vn -0.9524 -0.0975 0.2889
vn -0.2790 0.9565 0.0846
vn -0.9161 -0.2890 0.2779
vn -0.4528 0.8810 0.1374
vn -0.8448 -0.4696 0.2563
vn -0.6088 0.7715 0.1847
vn -0.7412 -0.6326 0.2248
vn -0.7412 0.6326 0.2248
vn -0.6088 -0.7715 0.1847
vn -0.8448 0.4696 0.2563
vn -0.4709 0.8810 0.0464
vn -0.8786 -0.4696 0.0865
vn -0.6332 0.7715 0.0624
vn -0.7708 -0.6326 0.0759
vn -0.7708 0.6326 0.0759
vn -0.6332 -0.7715 0.0624
vn -0.8786 0.4696 0.0865
vn -0.4709 -0.8810 0.0464
vn -0.9527 0.2890 0.0938
vn -0.2902 -0.9565 0.0286
vn -0.9904 0.0975 0.0975
vn -0.0980 0.9951 0.0097
vn -0.0980 -0.9951 0.0097
vn -0.9904 -0.0975 0.0975
vn -0.2902 0.9565 0.0286
vn -0.9527 -0.2890 0.0938
vn -0.9527 0.2890 -0.0938
vn -0.2902 -0.9565 -0.0286
vn -0.9904 0.0975 -0.0976
vn -0.0980 0.9951 -0.0097
vn -0.0980 -0.9951 -0.0097
vn -0.9904 -0.0975 -0.0976
vn -0.2902 0.9565 -0.0286
vn -0.9527 -0.2890 -0.0938
vn -0.4709 0.8810 -0.0464
vn -0.8786 -0.4696 -0.0865
vn -0.6332 0.7715 -0.0624
vn -0.7708 -0.6326 -0.0759
vn -0.7708 0.6326 -0.0759
vn -0.6332 -0.7715 -0.0624
vn -0.8786 0.4696 -0.0865
vn -0.4709 -0.8810 -0.0464
vn -0.8448 -0.4696 -0.2563
vn -0.6088 0.7715 -0.1847
vn -0.7412 -0.6326 -0.2248
vn -0.7412 0.6326 -0.2248
vn -0.6088 -0.7715 -0.1847
vn -0.8448 0.4696 -0.2563
vn -0.4528 -0.8810 -0.1374
vn -0.9161 0.2890 -0.2779
vn -0.2790 -0.9565 -0.0846
vn -0.9524 0.0975 -0.2889
vn -0.0942 0.9951 -0.0286
vn -0.0942 -0.9951 -0.0286
vn -0.9524 -0.0975 -0.2889
vn -0.2790 0.9565 -0.0846
vn -0.9161 -0.2890 -0.2779
vn -0.4528 0.8810 -0.1374
vn -0.2571 -0.9565 -0.1374
vn -0.8777 0.0975 -0.4691
vn -0.0869 0.9951 -0.0464
vn -0.0869 -0.9951 -0.0464
vn -0.8777 -0.0975 -0.4691
vn -0.2571 0.9565 -0.1374
vn -0.8443 -0.2890 -0.4513
vn -0.4173 0.8810 -0.2230
vn -0.7786 -0.4696 -0.4162
vn -0.5611 0.7715 -0.2999
vn -0.6831 -0.6326 -0.3651
vn -0.6831 0.6326 -0.3651
vn -0.5611 -0.7715 -0.2999
vn -0.7786 0.4696 -0.4162
vn -0.4173 -0.8810 -0.2230
vn -0.8443 0.2890 -0.4513
vn -0.5987 -0.6326 -0.4913
vn -0.5987 0.6326 -0.4913
vn -0.4918 -0.7715 -0.4036
vn -0.6825 0.4696 -0.5601
vn -0.3658 -0.8810 -0.3002
vn -0.7400 0.2890 -0.6073
vn -0.2254 -0.9565 -0.1850
vn -0.7693 0.0975 -0.6314
vn -0.0761 0.9951 -0.0625
vn -0.0761 -0.9951 -0.0625
vn -0.7693 -0.0975 -0.6314
vn -0.2254 0.9565 -0.1850
vn -0.7400 -0.2890 -0.6073
vn -0.3658 0.8810 -0.3002
vn -0.6825 -0.4696 -0.5601
vn -0.4918 0.7715 -0.4036
vn -0.0625 0.9951 -0.0761
vn -0.0625 -0.9951 -0.0761
vn -0.6314 -0.0975 -0.7693
vn -0.1850 0.9565 -0.2254
vn -0.6073 -0.2890 -0.7400
vn -0.3002 0.8810 -0.3658
vn -0.5601 -0.4696 -0.6825
vn -0.4036 0.7715 -0.4918
vn -0.4913 -0.6326 -0.5987
vn -0.4913 0.6326 -0.5987
vn -0.4036 -0.7715 -0.4918
vn -0.5601 0.4696 -0.6825
vn -0.3002 -0.8810 -0.3658
vn -0.6073 0.2890 -0.7400
vn -0.1850 -0.9565 -0.2254
vn -0.6314 0.0975 -0.7693
vn -0.3651 0.6326 -0.6831
vn -0.2999 -0.7715 -0.5611
vn -0.4162 0.4696 -0.7786
vn -0.2230 -0.8810 -0.4173
vn -0.4513 0.2890 -0.8443
vn -0.1374 -0.9565 -0.2571
vn -0.4691 0.0975 -0.8777
vn -0.0464 0.9951 -0.0869
vn -0.0464 -0.9951 -0.0869
vn -0.4691 -0.0975 -0.8777
vn -0.1374 0.9565 -0.2571
vn -0.4513 -0.2890 -0.8443
vn -0.2230 0.8810 -0.4173
vn -0.4162 -0.4696 -0.7786
vn -0.2999 0.7715 -0.5611
vn -0.3651 -0.6326 -0.6831
vn -0.2889 -0.0975 -0.9524
vn -0.0846 0.9565 -0.2790
vn -0.2779 -0.2890 -0.9161
vn -0.1374 0.8810 -0.4528
vn -0.2563 -0.4696 -0.8448
vn -0.1847 0.7715 -0.6088
vn -0.2248 -0.6326 -0.7412
vn -0.2248 0.6326 -0.7412
vn -0.1847 -0.7715 -0.6088
vn -0.2563 0.4696 -0.8448
vn -0.1374 -0.8810 -0.4528
vn -0.2779 0.2890 -0.9161
vn -0.0846 -0.9565 -0.2790
vn -0.2889 0.0975 -0.9524
vn -0.0286 0.9951 -0.0942
vn -0.0286 -0.9951 -0.0942
vn -0.0624 -0.7715 -0.6332
vn -0.0865 0.4696 -0.8786
vn -0.0464 -0.8810 -0.4709
vn -0.0938 0.2890 -0.9527
vn -0.0286 -0.9565 -0.2902
vn -0.0975 0.0975 -0.9904
vn -0.0097 0.9951 -0.0980
vn -0.0097 -0.9951 -0.0980
vn -0.0975 -0.0975 -0.9904
vn -0.0286 0.9565 -0.2902
vn -0.0938 -0.2890 -0.9527
vn -0.0464 0.8810 -0.4709
vn -0.0865 -0.4696 -0.8786
vn -0.0624 0.7715 -0.6332
vn -0.0759 -0.6326 -0.7708
vn -0.0759 0.6326 -0.7708
vn 0.0286 0.9565 -0.2902
vn 0.0938 -0.2890 -0.9527
vn 0.0464 0.8810 -0.4709
vn 0.0865 -0.4696 -0.8786
vn 0.0624 0.7715 -0.6332
vn 0.0759 -0.6326 -0.7708
vn 0.0759 0.6326 -0.7708
vn 0.0624 -0.7715 -0.6332
vn 0.0865 0.4696 -0.8786
vn 0.0464 -0.8810 -0.4709
vn 0.0938 0.2890 -0.9527
vn 0.0286 -0.9565 -0.2902
vn 0.0976 0.0975 -0.9904
vn 0.0097 0.9951 -0.0980
vn 0.0097 -0.9951 -0.0980
vn 0.0976 -0.0975 -0.9904
vn 0.2563 0.4696 -0.8448
vn 0.1374 -0.8810 -0.4528
vn 0.2779 0.2890 -0.9161
vn 0.0846 -0.9565 -0.2790
vn 0.2889 0.0975 -0.9524
vn 0.0286 0.9951 -0.0942
vn 0.0286 -0.9951 -0.0942
vn 0.2889 -0.0975 -0.9524
vn 0.0846 0.9565 -0.2790
vn 0.2779 -0.2890 -0.9161
vn 0.1374 0.8810 -0.4528
vn 0.2563 -0.4696 -0.8448
vn 0.1847 0.7715 -0.6088
vn 0.2248 -0.6326 -0.7412
vn 0.2248 0.6326 -0.7412
vn 0.1847 -0.7715 -0.6088
vn 0.4513 -0.2890 -0.8443
vn 0.2230 0.8810 -0.4173
vn 0.4162 -0.4696 -0.7786
vn 0.2999 0.7715 -0.5611
vn 0.3651 -0.6326 -0.6831
vn 0.3651 0.6326 -0.6831
vn 0.2999 -0.7715 -0.5611
vn 0.4162 0.4696 -0.7786
vn 0.2230 -0.8810 -0.4173
vn 0.4513 0.2890 -0.8443
vn 0.1374 -0.9565 -0.2571
vn 0.4691 0.0975 -0.8777
vn 0.0464 0.9951 -0.0869
vn 0.0464 -0.9951 -0.0869
vn 0.4691 -0.0975 -0.8777
vn 0.1374 0.9565 -0.2571
vn 0.3002 -0.8810 -0.3658
vn 0.6073 0.2890 -0.7400
vn 0.1850 -0.9565 -0.2254
vn 0.6314 0.0975 -0.7693
vn 0.0625 0.9951 -0.0761
vn 0.0625 -0.9951 -0.0761
vn 0.6314 -0.0975 -0.7693
vn 0.1850 0.9565 -0.2254
vn 0.6073 -0.2890 -0.7400
vn 0.3002 0.8810 -0.3658
vn 0.5601 -0.4696 -0.6825
vn 0.4036 0.7715 -0.4918
vn 0.4913 -0.6326 -0.5987
vn 0.4913 0.6326 -0.5987
vn 0.4036 -0.7715 -0.4918
vn 0.5601 0.4696 -0.6825
vn 0.6825 -0.4696 -0.5601
vn 0.4918 0.7715 -0.4036
vn 0.5987 -0.6326 -0.4913
vn 0.5987 0.6326 -0.4913
vn 0.4918 -0.7715 -0.4036
vn 0.6825 0.4696 -0.5601
vn 0.3658 -0.8810 -0.3002
vn 0.7400 0.2890 -0.6073
vn 0.2254 -0.9565 -0.1850
vn 0.7693 0.0975 -0.6314
vn 0.0761 0.9951 -0.0625
vn 0.0761 -0.9951 -0.0625
vn 0.7693 -0.0975 -0.6314
vn 0.2254 0.9565 -0.1850
vn 0.7400 -0.2890 -0.6073
vn 0.3658 0.8810 -0.3002
vn 0.2571 -0.9565 -0.1374
vn 0.8777 0.0975 -0.4691
vn 0.0869 0.9951 -0.0464
vn 0.0869 -0.9951 -0.0464
vn 0.8777 -0.0975 -0.4691
vn 0.2571 0.9565 -0.1374
vn 0.8443 -0.2890 -0.4513
vn 0.4173 0.8810 -0.2230
vn 0.7786 -0.4696 -0.4162
vn 0.5611 0.7715 -0.2999
vn 0.6831 -0.6326 -0.3651
vn 0.6831 0.6326 -0.3651
vn 0.5611 -0.7715 -0.2999
vn 0.7786 0.4696 -0.4162
vn 0.4173 -0.8810 -0.2230
vn 0.8443 0.2890 -0.4513
vn 0.6088 0.7715 -0.1847
vn 0.7412 -0.6326 -0.2248
vn 0.7412 0.6326 -0.2248
vn 0.6088 -0.7715 -0.1847
vn 0.8448 0.4696 -0.2563
vn 0.4528 -0.8810 -0.1374
vn 0.9161 0.2890 -0.2779
vn 0.2790 -0.9565 -0.0846
vn 0.9524 0.0975 -0.2889
vn 0.0942 0.9951 -0.0286
vn 0.0942 -0.9951 -0.0286
vn 0.9524 -0.0975 -0.2889
vn 0.2790 0.9565 -0.0846
vn 0.9161 -0.2890 -0.2779
vn 0.4528 0.8810 -0.1374
vn 0.8448 -0.4696 -0.2563
vn 0.9904 0.0975 -0.0975
vn 0.0980 0.9951 -0.0097
vn 0.0980 -0.9951 -0.0097
vn 0.9904 -0.0975 -0.0975
vn 0.2902 0.9565 -0.0286
vn 0.9527 -0.2890 -0.0938
vn 0.4709 0.8810 -0.0464
vn 0.8786 -0.4696 -0.0865
vn 0.6332 0.7715 -0.0624
vn 0.7708 -0.6326 -0.0759
vn 0.7708 0.6326 -0.0759
vn 0.6332 -0.7715 -0.0624
vn 0.8786 0.4696 -0.0865
vn 0.4709 -0.8810 -0.0464
vn 0.9527 0.2890 -0.0938
vn 0.2902 -0.9565 -0.0286
vn 0.7708 -0.6326 0.0759
vn 0.7708 0.6326 0.0759
vn 0.6332 -0.7715 0.0624
vn 0.8786 0.4696 0.0865
vn 0.4709 -0.8810 0.0464
vn 0.9527 0.2890 0.0938
vn 0.2902 -0.9565 0.0286
vn 0.9904 0.0975 0.0976
vn 0.0980 0.9951 0.0097
vn 0.0980 -0.9951 0.0097
vn 0.9904 -0.0975 0.0976
vn 0.2902 0.9565 0.0286
vn 0.9527 -0.2890 0.0938
vn 0.4709 0.8810 0.0464
vn 0.8786 -0.4696 0.0865
vn 0.6332 0.7715 0.0624
vn 0.0942 0.9951 0.0286
vn 0.0942 -0.9951 0.0286
vn 0.9524 -0.0975 0.2889
vn 0.2790 0.9565 0.0846
vn 0.9161 -0.2890 0.2779
vn 0.4528 0.8810 0.1374
vn 0.8448 -0.4696 0.2563
vn 0.6088 0.7715 0.1847
vn 0.7412 -0.6326 0.2248
vn 0.7412 0.6326 0.2248
vn 0.6088 -0.7715 0.1847
vn 0.8448 0.4696 0.2563
vn 0.4528 -0.8810 0.1374
vn 0.9161 0.2890 0.2779
vn 0.2790 -0.9565 0.0846
vn 0.9524 0.0975 0.2889
vn 0.6831 0.6326 0.3651
vn 0.5611 -0.7715 0.2999
vn 0.7786 0.4696 0.4162
vn 0.4173 -0.8810 0.2231
vn 0.8443 0.2890 0.4513
vn 0.2571 -0.9565 0.1374
vn 0.8777 0.0975 0.4691
vn 0.0869 0.9951 0.0464
vn 0.0869 -0.9951 0.0464
vn 0.8777 -0.0975 0.4691
vn 0.2571 0.9565 0.1374
vn 0.8443 -0.2890 0.4513
vn 0.4173 0.8810 0.2231
vn 0.7786 -0.4696 0.4162
vn 0.5611 0.7715 0.2999
vn 0.6831 -0.6326 0.3651
vn 0.7693 -0.0975 0.6314
vn 0.2254 0.9565 0.1850
vn 0.7400 -0.2890 0.6073
vn 0.3658 0.8810 0.3002
vn 0.6825 -0.4696 0.5601
vn 0.4918 0.7715 0.4036
vn 0.5987 -0.6326 0.4913
vn 0.5987 0.6326 0.4913
vn 0.4918 -0.7715 0.4036
vn 0.6825 0.4696 0.5601
vn 0.3658 -0.8810 0.3002
vn 0.7400 0.2890 0.6073
vn 0.2254 -0.9565 0.1850
vn 0.7693 0.0975 0.6314
vn 0.0761 0.9951 0.0625
vn 0.0761 -0.9951 0.0625
vn 0.4036 -0.7715 0.4918
vn 0.5601 0.4696 0.6825
vn 0.3002 -0.8810 0.3658
vn 0.6073 0.2890 0.7400
vn 0.1850 -0.9565 0.2254
vn 0.6314 0.0975 0.7693
vn 0.0625 0.9951 0.0761
vn 0.0625 -0.9951 0.0761
vn 0.6314 -0.0975 0.7693
vn 0.1850 0.9565 0.2254
vn 0.6073 -0.2890 0.7400
vn 0.3002 0.8810 0.3658
vn 0.5601 -0.4696 0.6825
vn 0.4036 0.7715 0.4918
vn 0.4913 -0.6326 0.5987
vn 0.4913 0.6326 0.5987
vn 0.4513 -0.2890 0.8443
vn 0.2230 0.8810 0.4173
vn 0.4162 -0.4696 0.7786
vn 0.2999 0.7715 0.5611
vn 0.3651 -0.6326 0.6831
vn 0.3651 0.6326 0.6831
vn 0.2999 -0.7715 0.5611
vn 0.4162 0.4696 0.7786
vn 0.2230 -0.8810 0.4173
vn 0.4513 0.2890 0.8443
vn 0.1374 -0.9565 0.2571
vn 0.4691 0.0975 0.8777
vn 0.0464 0.9951 0.0869
vn 0.0464 -0.9951 0.0869
vn 0.4691 -0.0975 0.8777
vn 0.1374 0.9565 0.2571
vn 0.1374 -0.8810 0.4528
vn 0.2779 0.2890 0.9161
vn 0.0846 -0.9565 0.2790
vn 0.2889 0.0975 0.9524
vn 0.0286 0.9951 0.0942
vn 0.0286 -0.9951 0.0942
vn 0.2889 -0.0975 0.9524
vn 0.0846 0.9565 0.2790
vn 0.2779 -0.2890 0.9161
vn 0.1374 0.8810 0.4528
vn 0.2563 -0.4696 0.8448
vn 0.1847 0.7715 0.6088
vn 0.2248 -0.6326 0.7412
vn 0.2248 0.6326 0.7412
vn 0.1847 -0.7715 0.6088
vn 0.2563 0.4696 0.8448
vn 0.0464 0.8810 0.4709
vn 0.0865 -0.4696 0.8786
vn 0.0624 0.7715 0.6332
vn 0.0759 -0.6326 0.7708
vn 0.0759 0.6326 0.7708
vn 0.0624 -0.7715 0.6332
vn 0.0865 0.4696 0.8786
vn 0.0464 -0.8810 0.4709
vn 0.0938 0.2890 0.9527
vn 0.0286 -0.9565 0.2902
vn 0.0976 0.0975 0.9904
vn 0.0097 0.9951 0.0980
vn 0.0097 -0.9951 0.0980
vn 0.0976 -0.0975 0.9904
vn 0.0286 0.9565 0.2902
vn 0.0938 -0.2890 0.9527
vn -0.2889 -0.0975 0.9524
vn -0.0846 -0.9566 0.2790
vn -0.2889 0.0975 0.9524
vn -0.2231 -0.8810 0.4173
vn -0.2231 0.8810 0.4173
vn -0.9904 0.0975 0.0976
vn -0.9904 -0.0975 0.0976
vn -0.2231 -0.8810 -0.4173
vn -0.2231 0.8810 -0.4173
vn -0.0846 -0.9566 -0.2790
vn 0.0846 -0.9566 -0.2790
vn 0.2231 0.8810 -0.4173
vn 0.2231 -0.8810 -0.4173
vn 0.4173 0.8810 -0.2231
vn 0.4173 -0.8810 -0.2231
vn 0.9904 0.0975 0.0975
vn 0.9904 -0.0975 0.0975
vn 0.8777 0.0975 0.4692
vn 0.8777 -0.0975 0.4692
vn 0.0846 -0.9566 0.2790
vt 0.750000 0.812500
vt 0.750000 0.687500
vt 0.750000 0.562500
vt 0.750000 0.500000
vt 0.750000 0.437500
vt 0.750000 0.312500
vt 0.718750 0.937500
vt 0.718750 0.875000
vt 0.718750 0.812500
vt 0.718750 0.750000
vt 0.718750 0.687500
vt 0.718750 0.625000
vt 0.718750 0.562500
vt 0.718750 0.500000
vt 0.718750 0.437500
vt 0.718750 0.375000
vt 0.718750 0.312500
vt 0.718750 0.250000
vt 0.718750 0.187500
vt 0.718750 0.125000
vt 0.718750 0.062500
vt 0.687500 0.937500
vt 0.687500 0.875000
vt 0.687500 0.812500
vt 0.687500 0.750000
vt 0.687500 0.687500
vt 0.687500 0.625000
vt 0.687500 0.562500
vt 0.687500 0.500000
vt 0.687500 0.437500
vt 0.687500 0.375000
vt 0.687500 0.312500
vt 0.687500 0.250000
vt 0.687500 0.187500
vt 0.687500 0.125000
vt 0.687500 0.062500
vt 0.656250 0.937500
vt 0.656250 0.875000
vt 0.656250 0.812500
vt 0.656250 0.750000
vt 0.656250 0.687500
vt 0.656250 0.625000
vt 0.656250 0.562500
vt 0.656250 0.500000
vt 0.656250 0.437500
vt 0.656250 0.375000
vt 0.656250 0.312500
vt 0.656250 0.250000
vt 0.656250 0.187500
vt 0.656250 0.125000
vt 0.656250 0.062500
vt 0.625000 0.937500
vt 0.625000 0.875000
vt 0.625000 0.812500
vt 0.625000 0.750000
vt 0.625000 0.687500
vt 0.625000 0.625000
vt 0.625000 0.562500
vt 0.625000 0.500000
vt 0.625000 0.437500
vt 0.625000 0.375000
vt 0.625000 0.312500
vt 0.625000 0.250000
vt 0.625000 0.187500
vt 0.625000 0.125000
vt 0.625000 0.062500
vt 0.593750 0.937500
vt 0.593750 0.875000
vt 0.593750 0.812500
vt 0.593750 0.750000
vt 0.593750 0.687500
vt 0.593750 0.625000
vt 0.593750 0.562500
vt 0.593750 0.500000
vt 0.593750 0.437500
vt 0.593750 0.375000
vt 0.593750 0.312500
vt 0.593750 0.250000
vt 0.593750 0.187500
vt 0.593750 0.125000
vt 0.593750 0.062500
vt 0.734375 1.000000
vt 0.703125 1.000000
vt 0.671875 1.000000
vt 0.640625 1.000000
vt 0.609375 1.000000
vt 0.578125 1.000000
vt 0.546875 1.000000
vt 0.515625 1.000000
vt 0.484375 1.000000
vt 0.453125 1.000000
vt 0.421875 1.000000
vt 0.390625 1.000000
vt 0.359375 1.000000
vt 0.328125 1.000000
vt 0.296875 1.000000
vt 0.265625 1.000000
vt 0.234375 1.000000
vt 0.203125 1.000000
vt 0.171875 1.000000
vt 0.140625 1.000000
vt 0.109375 1.000000
vt 0.078125 1.000000
vt 0.046875 1.000000
vt 0.015625 1.000000
vt 0.984375 1.000000
vt 0.953125 1.000000
vt 0.921875 1.000000
vt 0.890625 1.000000
vt 0.859375 1.000000
vt 0.828125 1.000000
vt 0.796875 1.000000
vt 0.765625 1.000000
vt 0.562500 0.937500
vt 0.562500 0.875000
vt 0.562500 0.812500
vt 0.562500 0.750000
vt 0.562500 0.687500
vt 0.562500 0.625000
vt 0.562500 0.562500
vt 0.562500 0.500000
vt 0.562500 0.437500
vt 0.562500 0.375000
vt 0.562500 0.312500
vt 0.562500 0.250000
vt 0.562500 0.187500
vt 0.562500 0.125000
vt 0.562500 0.062500
vt 0.531250 0.937500
vt 0.531250 0.875000
vt 0.531250 0.812500
vt 0.531250 0.750000
vt 0.531250 0.687500
vt 0.531250 0.625000
vt 0.531250 0.562500
vt 0.531250 0.500000
vt 0.531250 0.437500
vt 0.531250 0.375000
vt 0.531250 0.312500
vt 0.531250 0.250000
vt 0.531250 0.187500
vt 0.531250 0.125000
vt 0.531250 0.062500
vt 0.500000 0.937500
vt 0.500000 0.875000
vt 0.500000 0.812500
vt 0.500000 0.750000
vt 0.500000 0.687500
vt 0.500000 0.625000
vt 0.500000 0.562500
vt 0.500000 0.500000
vt 0.500000 0.437500
vt 0.500000 0.375000
vt 0.500000 0.312500
vt 0.500000 0.250000
vt 0.500000 0.187500
vt 0.500000 0.125000
vt 0.500000 0.062500
vt 0.468750 0.937500
vt 0.468750 0.875000
vt 0.468750 0.812500
vt 0.468750 0.750000
vt 0.468750 0.687500
vt 0.468750 0.625000
vt 0.468750 0.562500
vt 0.468750 0.500000
vt 0.468750 0.437500
vt 0.468750 0.375000
vt 0.468750 0.312500
vt 0.468750 0.250000
vt 0.468750 0.187500
vt 0.468750 0.125000
vt 0.468750 0.062500
vt 0.437500 0.937500
vt 0.437500 0.875000
vt 0.437500 0.812500
vt 0.437500 0.750000
vt 0.437500 0.687500
vt 0.437500 0.625000
vt 0.437500 0.562500
vt 0.437500 0.500000
vt 0.437500 0.437500
vt 0.437500 0.375000
vt 0.437500 0.312500
vt 0.437500 0.250000
vt 0.437500 0.187500
vt 0.437500 0.125000
vt 0.437500 0.062500
vt 0.406250 0.937500
vt 0.406250 0.875000
vt 0.406250 0.812500
vt 0.406250 0.750000
vt 0.406250 0.687500
vt 0.406250 0.625000
vt 0.406250 0.562500
vt 0.406250 0.500000
vt 0.406250 0.437500
vt 0.406250 0.375000
vt 0.406250 0.312500
vt 0.406250 0.250000
vt 0.406250 0.187500
vt 0.406250 0.125000
vt 0.406250 0.062500
vt 0.375000 0.937500
vt 0.375000 0.875000
vt 0.375000 0.812500
vt 0.375000 0.750000
vt 0.375000 0.687500
vt 0.375000 0.625000
vt 0.375000 0.562500
vt 0.375000 0.500000
vt 0.375000 0.437500
vt 0.375000 0.375000
vt 0.375000 0.312500
vt 0.375000 0.250000
vt 0.375000 0.187500
vt 0.375000 0.125000
vt 0.375000 0.062500
vt 0.343750 0.937500
vt 0.343750 0.875000
vt 0.343750 0.812500
vt 0.343750 0.750000
vt 0.343750 0.687500
vt 0.343750 0.625000
vt 0.343750 0.562500
vt 0.343750 0.500000
vt 0.343750 0.437500
vt 0.343750 0.375000
vt 0.343750 0.312500
vt 0.343750 0.250000
vt 0.343750 0.187500
vt 0.343750 0.125000
vt 0.343750 0.062500
vt 0.312500 0.937500
vt 0.312500 0.875000
vt 0.312500 0.812500
vt 0.312500 0.750000
vt 0.312500 0.687500
vt 0.312500 0.625000
vt 0.312500 0.562500
vt 0.312500 0.500000
vt 0.312500 0.437500
vt 0.312500 0.375000
vt 0.312500 0.312500
vt 0.312500 0.250000
vt 0.312500 0.187500
vt 0.312500 0.125000
vt 0.312500 0.062500
vt 0.281250 0.937500
vt 0.281250 0.875000
vt 0.281250 0.812500
vt 0.281250 0.750000
vt 0.281250 0.687500
vt 0.281250 0.625000
vt 0.281250 0.562500
vt 0.281250 0.500000
vt 0.281250 0.437500
vt 0.281250 0.375000
vt 0.281250 0.312500
vt 0.281250 0.250000
vt 0.281250 0.187500
vt 0.281250 0.125000
vt 0.281250 0.062500
vt 0.250000 0.937500
vt 0.250000 0.875000
vt 0.250000 0.812500
vt 0.250000 0.750000
vt 0.250000 0.687500
vt 0.250000 0.625000
vt 0.250000 0.562500
vt 0.250000 0.500000
vt 0.250000 0.437500
vt 0.250000 0.375000
vt 0.250000 0.312500
vt 0.250000 0.250000
vt 0.250000 0.187500
vt 0.250000 0.125000
vt 0.250000 0.062500
vt 0.218750 0.937500
vt 0.218750 0.875000
vt 0.218750 0.812500
vt 0.218750 0.750000
vt 0.218750 0.687500
vt 0.218750 0.625000
vt 0.218750 0.562500
vt 0.218750 0.500000
vt 0.218750 0.437500
vt 0.218750 0.375000
vt 0.218750 0.312500
vt 0.218750 0.250000
vt 0.218750 0.187500
vt 0.218750 0.125000
vt 0.218750 0.062500
vt 0.187500 0.937500
vt 0.187500 0.875000
vt 0.187500 0.812500
vt 0.187500 0.750000
vt 0.187500 0.687500
vt 0.187500 0.625000
vt 0.187500 0.562500
vt 0.187500 0.500000
vt 0.187500 0.437500
vt 0.187500 0.375000
vt 0.187500 0.312500
vt 0.187500 0.250000
vt 0.187500 0.187500
vt 0.187500 0.125000
vt 0.187500 0.062500
vt 0.156250 0.937500
vt 0.156250 0.875000
vt 0.156250 0.812500
vt 0.156250 0.750000
vt 0.156250 0.687500
vt 0.156250 0.625000
vt 0.156250 0.562500
vt 0.156250 0.500000
vt 0.156250 0.437500
vt 0.156250 0.375000
vt 0.156250 0.312500
vt 0.156250 0.250000
vt 0.156250 0.187500
vt 0.156250 0.125000
vt 0.156250 0.062500
vt 0.125000 0.937500
vt 0.125000 0.875000
vt 0.125000 0.812500
vt 0.125000 0.750000
vt 0.125000 0.687500
vt 0.125000 0.625000
vt 0.125000 0.562500
vt 0.125000 0.500000
vt 0.125000 0.437500
vt 0.125000 0.375000
vt 0.125000 0.312500
vt 0.125000 0.250000
vt 0.125000 0.187500
vt 0.125000 0.125000
vt 0.125000 0.062500
vt 0.734375 0.000000
vt 0.703125 0.000000
vt 0.671875 0.000000
vt 0.640625 0.000000
vt 0.609375 0.000000
vt 0.578125 0.000000
vt 0.546875 0.000000
vt 0.515625 0.000000
vt 0.484375 0.000000
vt 0.453125 0.000000
vt 0.421875 0.000000
vt 0.390625 0.000000
vt 0.359375 0.000000
vt 0.328125 0.000000
vt 0.296875 0.000000
vt 0.265625 0.000000
vt 0.234375 0.000000
vt 0.203125 0.000000
vt 0.171875 0.000000
vt 0.140625 0.000000
vt 0.109375 0.000000
vt 0.078125 0.000000
vt 0.046875 0.000000
vt 0.015625 0.000000
vt 0.984375 0.000000
vt 0.953125 0.000000
vt 0.921875 0.000000
vt 0.890625 0.000000
vt 0.859375 0.000000
vt 0.828125 0.000000
vt 0.796875 0.000000
vt 0.765625 0.000000
vt 0.093750 0.937500
vt 0.093750 0.875000
vt 0.093750 0.812500
vt 0.093750 0.750000
vt 0.093750 0.687500
vt 0.093750 0.625000
vt 0.093750 0.562500
vt 0.093750 0.500000
vt 0.093750 0.437500
vt 0.093750 0.375000
vt 0.093750 0.312500
vt 0.093750 0.250000
vt 0.093750 0.187500
vt 0.093750 0.125000
vt 0.093750 0.062500
vt 0.062500 0.937500
vt 0.062500 0.875000
vt 0.062500 0.812500
vt 0.062500 0.750000
vt 0.062500 0.687500
vt 0.062500 0.625000
vt 0.062500 0.562500
vt 0.062500 0.500000
vt 0.062500 0.437500
vt 0.062500 0.375000
vt 0.062500 0.312500
vt 0.062500 0.250000
vt 0.062500 0.187500
vt 0.062500 0.125000
vt 0.062500 0.062500
vt 0.031250 0.937500
vt 0.031250 0.875000
vt 0.031250 0.812500
vt 0.031250 0.750000
vt 0.031250 0.687500
vt 0.031250 0.625000
vt 0.031250 0.562500
vt 0.031250 0.500000
vt 0.031250 0.437500
vt 0.031250 0.375000
vt 0.031250 0.312500
vt 0.031250 0.250000
vt 0.031250 0.187500
vt 0.031250 0.125000
vt 0.031250 0.062500
vt 0.000000 0.937500
vt 1.000000 0.937500
vt 0.000000 0.875000
vt 1.000000 0.875000
vt 0.000000 0.812500
vt 1.000000 0.812500
vt 0.000000 0.750000
vt 1.000000 0.750000
vt 0.000000 0.687500
vt 1.000000 0.687500
vt 0.000000 0.625000
vt 1.000000 0.625000
vt 0.000000 0.562500
vt 1.000000 0.562500
vt 0.000000 0.500000
vt 1.000000 0.500000
vt 0.000000 0.437500
vt 1.000000 0.437500
vt 0.000000 0.375000
vt 1.000000 0.375000
vt 0.000000 0.312500
vt 1.000000 0.312500
vt 0.000000 0.250000
vt 1.000000 0.250000
vt 0.000000 0.187500
vt 1.000000 0.187500
vt 0.000000 0.125000
vt 1.000000 0.125000
vt 0.000000 0.062500
vt 1.000000 0.062500
vt 0.968750 0.937500
vt 0.968750 0.875000
vt 0.968750 0.812500
vt 0.968750 0.750000
vt 0.968750 0.687500
vt 0.968750 0.625000
vt 0.968750 0.562500
vt 0.968750 0.500000
vt 0.968750 0.437500
vt 0.968750 0.375000
vt 0.968750 0.312500
vt 0.968750 0.250000
vt 0.968750 0.187500
vt 0.968750 0.125000
vt 0.968750 0.062500
vt 0.937500 0.937500
vt 0.937500 0.875000
vt 0.937500 0.812500
vt 0.937500 0.750000
vt 0.937500 0.687500
vt 0.937500 0.625000
vt 0.937500 0.562500
vt 0.937500 0.500000
vt 0.937500 0.437500
vt 0.937500 0.375000
vt 0.937500 0.312500
vt 0.937500 0.250000
vt 0.937500 0.187500
vt 0.937500 0.125000
vt 0.937500 0.062500
vt 0.906250 0.937500
vt 0.906250 0.875000
vt 0.906250 0.812500
vt 0.906250 0.750000
vt 0.906250 0.687500
vt 0.906250 0.625000
vt 0.906250 0.562500
vt 0.906250 0.500000
vt 0.906250 0.437500
vt 0.906250 0.375000
vt 0.906250 0.312500
vt 0.906250 0.250000
vt 0.906250 0.187500
vt 0.906250 0.125000
vt 0.906250 0.062500
vt 0.875000 0.937500
vt 0.875000 0.875000
vt 0.875000 0.812500
vt 0.875000 0.750000
vt 0.875000 0.687500
vt 0.875000 0.625000
vt 0.875000 0.562500
vt 0.875000 0.500000
vt 0.875000 0.437500
vt 0.875000 0.375000
vt 0.875000 0.312500
vt 0.875000 0.250000
vt 0.875000 0.187500
vt 0.875000 0.125000
vt 0.875000 0.062500
vt 0.843750 0.937500
vt 0.843750 0.875000
vt 0.843750 0.812500
vt 0.843750 0.750000
vt 0.843750 0.687500
vt 0.843750 0.625000
vt 0.843750 0.562500
vt 0.843750 0.500000
vt 0.843750 0.437500
vt 0.843750 0.375000
vt 0.843750 0.312500
vt 0.843750 0.250000
vt 0.843750 0.187500
vt 0.843750 0.125000
vt 0.843750 0.062500
vt 0.812500 0.937500
vt 0.812500 0.875000
vt 0.812500 0.812500
vt 0.812500 0.750000
vt 0.812500 0.687500
vt 0.812500 0.625000
vt 0.812500 0.562500
vt 0.812500 0.500000
vt 0.812500 0.437500
vt 0.812500 0.375000
vt 0.812500 0.312500
vt 0.812500 0.250000
vt 0.812500 0.187500
vt 0.812500 0.125000
vt 0.812500 0.062500
vt 0.781250 0.937500
vt 0.781250 0.875000
vt 0.781250 0.812500
vt 0.781250 0.750000
vt 0.781250 0.687500
vt 0.781250 0.625000
vt 0.781250 0.562500
vt 0.781250 0.500000
vt 0.781250 0.437500
vt 0.781250 0.375000
vt 0.781250 0.312500
vt 0.781250 0.250000
vt 0.781250 0.187500
vt 0.781250 0.125000
vt 0.781250 0.062500
vt 0.750000 0.937500
vt 0.750000 0.875000
vt 0.750000 0.750000
vt 0.750000 0.625000
vt 0.750000 0.375000
vt 0.750000 0.250000
vt 0.750000 0.187500
vt 0.750000 0.125000
vt 0.750000 0.062500
vt 0.750000 0.812500
vt 0.750000 0.687500
vt 0.750000 0.562500
vt 0.750000 0.500000
vt 0.750000 0.437500
vt 0.750000 0.312500
vt 0.718750 0.937500
vt 0.718750 0.875000
vt 0.718750 0.812500
vt 0.718750 0.750000
vt 0.718750 0.687500
vt 0.718750 0.625000
vt 0.718750 0.562500
vt 0.718750 0.500000
vt 0.718750 0.437500
vt 0.718750 0.375000
vt 0.718750 0.312500
vt 0.718750 0.250000
vt 0.718750 0.187500
vt 0.718750 0.125000
vt 0.718750 0.062500
vt 0.687500 0.937500
vt 0.687500 0.875000
vt 0.687500 0.812500
vt 0.687500 0.750000
vt 0.687500 0.687500
vt 0.687500 0.625000
vt 0.687500 0.562500
vt 0.687500 0.500000
vt 0.687500 0.437500
vt 0.687500 0.375000
vt 0.687500 0.312500
vt 0.687500 0.250000
vt 0.687500 0.187500
vt 0.687500 0.125000
vt 0.687500 0.062500
vt 0.656250 0.937500
vt 0.656250 0.875000
vt 0.656250 0.812500
vt 0.656250 0.750000
vt 0.656250 0.687500
vt 0.656250 0.625000
vt 0.656250 0.562500
vt 0.656250 0.500000
vt 0.656250 0.437500
vt 0.656250 0.375000
vt 0.656250 0.312500
vt 0.656250 0.250000
vt 0.656250 0.187500
vt 0.656250 0.125000
vt 0.656250 0.062500
vt 0.625000 0.937500
vt 0.625000 0.875000
vt 0.625000 0.812500
vt 0.625000 0.750000
vt 0.625000 0.687500
vt 0.625000 0.625000
vt 0.625000 0.562500
vt 0.625000 0.500000
vt 0.625000 0.437500
vt 0.625000 0.375000
vt 0.625000 0.312500
vt 0.625000 0.250000
vt 0.625000 0.187500
vt 0.625000 0.125000
vt 0.625000 0.062500
vt 0.593750 0.937500
vt 0.593750 0.875000
vt 0.593750 0.812500
vt 0.593750 0.750000
vt 0.593750 0.687500
vt 0.593750 0.625000
vt 0.593750 0.562500
vt 0.593750 0.500000
vt 0.593750 0.437500
vt 0.593750 0.375000
vt 0.593750 0.312500
vt 0.593750 0.250000
vt 0.593750 0.187500
vt 0.593750 0.125000
vt 0.593750 0.062500
vt 0.734375 1.000000
vt 0.703125 1.000000
vt 0.671875 1.000000
vt 0.640625 1.000000
vt 0.609375 1.000000
vt 0.578125 1.000000
vt 0.546875 1.000000
vt 0.515625 1.000000
vt 0.484375 1.000000
vt 0.453125 1.000000
vt 0.421875 1.000000
vt 0.390625 1.000000
vt 0.359375 1.000000
vt 0.328125 1.000000
vt 0.296875 1.000000
vt 0.265625 1.000000
vt 0.234375 1.000000
vt 0.203125 1.000000
vt 0.171875 1.000000
vt 0.140625 1.000000
vt 0.109375 1.000000
vt 0.078125 1.000000
vt 0.046875 1.000000
vt 0.015625 1.000000
vt 0.984375 1.000000
vt 0.953125 1.000000
vt 0.921875 1.000000
vt 0.890625 1.000000
vt 0.859375 1.000000
vt 0.828125 1.000000
vt 0.796875 1.000000
vt 0.765625 1.000000
vt 0.562500 0.937500
vt 0.562500 0.875000
vt 0.562500 0.812500
vt 0.562500 0.750000
vt 0.562500 0.687500
vt 0.562500 0.625000
vt 0.562500 0.562500
vt 0.562500 0.500000
vt 0.562500 0.437500
vt 0.562500 0.375000
vt 0.562500 0.312500
vt 0.562500 0.250000
vt 0.562500 0.187500
vt 0.562500 0.125000
vt 0.562500 0.062500
vt 0.531250 0.937500
vt 0.531250 0.875000
vt 0.531250 0.812500
vt 0.531250 0.750000
vt 0.531250 0.687500
vt 0.531250 0.625000
vt 0.531250 0.562500
vt 0.531250 0.500000
vt 0.531250 0.437500
vt 0.531250 0.375000
vt 0.531250 0.312500
vt 0.531250 0.250000
vt 0.531250 0.187500
vt 0.531250 0.125000
vt 0.531250 0.062500
vt 0.500000 0.937500
vt 0.500000 0.875000
vt 0.500000 0.812500
vt 0.500000 0.750000
vt 0.500000 0.687500
vt 0.500000 0.625000
vt 0.500000 0.562500
vt 0.500000 0.500000
vt 0.500000 0.437500
vt 0.500000 0.375000
vt 0.500000 0.312500
vt 0.500000 0.250000
vt 0.500000 0.187500
vt 0.500000 0.125000
vt 0.500000 0.062500
vt 0.468750 0.937500
vt 0.468750 0.875000
vt 0.468750 0.812500
vt 0.468750 0.750000
vt 0.468750 0.687500
vt 0.468750 0.625000
vt 0.468750 0.562500
vt 0.468750 0.500000
vt 0.468750 0.437500
vt 0.468750 0.375000
vt 0.468750 0.312500
vt 0.468750 0.250000
vt 0.468750 0.187500
vt 0.468750 0.125000
vt 0.468750 0.062500
vt 0.437500 0.937500
vt 0.437500 0.875000
vt 0.437500 0.812500
vt 0.437500 0.750000
vt 0.437500 0.687500
vt 0.437500 0.625000
vt 0.437500 0.562500
vt 0.437500 0.500000
vt 0.437500 0.437500
vt 0.437500 0.375000
vt 0.437500 0.312500
vt 0.437500 0.250000
vt 0.437500 0.187500
vt 0.437500 0.125000
vt 0.437500 0.062500
vt 0.406250 0.937500
vt 0.406250 0.875000
vt 0.406250 0.812500
vt 0.406250 0.750000
vt 0.406250 0.687500
vt 0.406250 0.625000
vt 0.406250 0.562500
vt 0.406250 0.500000
vt 0.406250 0.437500
vt 0.406250 0.375000
vt 0.406250 0.312500
vt 0.406250 0.250000
vt 0.406250 0.187500
vt 0.406250 0.125000
vt 0.406250 0.062500
vt 0.375000 0.937500
vt 0.375000 0.875000
vt 0.375000 0.812500
vt 0.375000 0.750000
vt 0.375000 0.687500
vt 0.375000 0.625000
vt 0.375000 0.562500
vt 0.375000 0.500000
vt 0.375000 0.437500
vt 0.375000 0.375000
vt 0.375000 0.312500
vt 0.375000 0.250000
vt 0.375000 0.187500
vt 0.375000 0.125000
vt 0.375000 0.062500
vt 0.343750 0.937500
vt 0.343750 0.875000
vt 0.343750 0.812500
vt 0.343750 0.750000
vt 0.343750 0.687500
vt 0.343750 0.625000
vt 0.343750 0.562500
vt 0.343750 0.500000
vt 0.343750 0.437500
vt 0.343750 0.375000
vt 0.343750 0.312500
vt 0.343750 0.250000
vt 0.343750 0.187500
vt 0.343750 0.125000
vt 0.343750 0.062500
vt 0.312500 0.937500
vt 0.312500 0.875000
vt 0.312500 0.812500
vt 0.312500 0.750000
vt 0.312500 0.687500
vt 0.312500 0.625000
vt 0.312500 0.562500
vt 0.312500 0.500000
vt 0.312500 0.437500
vt 0.312500 0.375000
vt 0.312500 0.312500
vt 0.312500 0.250000
vt 0.312500 0.187500
vt 0.312500 0.125000
vt 0.312500 0.062500
vt 0.281250 0.937500
vt 0.281250 0.875000
vt 0.281250 0.812500
vt 0.281250 0.750000
vt 0.281250 0.687500
vt 0.281250 0.625000
vt 0.281250 0.562500
vt 0.281250 0.500000
vt 0.281250 0.437500
vt 0.281250 0.375000
vt 0.281250 0.312500
vt 0.281250 0.250000
vt 0.281250 0.187500
vt 0.281250 0.125000
vt 0.281250 0.062500
vt 0.250000 0.937500
vt 0.250000 0.875000
vt 0.250000 0.812500
vt 0.250000 0.750000
vt 0.250000 0.687500
vt 0.250000 0.625000
vt 0.250000 0.562500
vt 0.250000 0.500000
vt 0.250000 0.437500
vt 0.250000 0.375000
vt 0.250000 0.312500
vt 0.250000 0.250000
vt 0.250000 0.187500
vt 0.250000 0.125000
vt 0.250000 0.062500
vt 0.218750 0.937500
vt 0.218750 0.875000
vt 0.218750 0.812500
vt 0.218750 0.750000
vt 0.218750 0.687500
vt 0.218750 0.625000
vt 0.218750 0.562500
vt 0.218750 0.500000
vt 0.218750 0.437500
vt 0.218750 0.375000
vt 0.218750 0.312500
vt 0.218750 0.250000
vt 0.218750 0.187500
vt 0.218750 0.125000
vt 0.218750 0.062500
vt 0.187500 0.937500
vt 0.187500 0.875000
vt 0.187500 0.812500
vt 0.187500 0.750000
vt 0.187500 0.687500
vt 0.187500 0.625000
vt 0.187500 0.562500
vt 0.187500 0.500000
vt 0.187500 0.437500
vt 0.187500 0.375000
vt 0.187500 0.312500
vt 0.187500 0.250000
vt 0.187500 0.187500
vt 0.187500 0.125000
vt 0.187500 0.062500
vt 0.156250 0.937500
vt 0.156250 0.875000
vt 0.156250 0.812500
vt 0.156250 0.750000
vt 0.156250 0.687500
vt 0.156250 0.625000
vt 0.156250 0.562500
vt 0.156250 0.500000
vt 0.156250 0.437500
vt 0.156250 0.375000
vt 0.156250 0.312500
vt 0.156250 0.250000
vt 0.156250 0.187500
vt 0.156250 0.125000
vt 0.156250 0.062500
vt 0.125000 0.937500
vt 0.125000 0.875000
vt 0.125000 0.812500
vt 0.125000 0.750000
vt 0.125000 0.687500
vt 0.125000 0.625000
vt 0.125000 0.562500
vt 0.125000 0.500000
vt 0.125000 0.437500
vt 0.125000 0.375000
vt 0.125000 0.312500
vt 0.125000 0.250000
vt 0.125000 0.187500
vt 0.125000 0.125000
vt 0.125000 0.062500
vt 0.734375 0.000000
vt 0.703125 0.000000
vt 0.671875 0.000000
vt 0.640625 0.000000
vt 0.609375 0.000000
vt 0.578125 0.000000
vt 0.546875 0.000000
vt 0.515625 0.000000
vt 0.484375 0.000000
vt 0.453125 0.000000
vt 0.421875 0.000000
vt 0.390625 0.000000
vt 0.359375 0.000000
vt 0.328125 0.000000
vt 0.296875 0.000000
vt 0.265625 0.000000
vt 0.234375 0.000000
vt 0.203125 0.000000
vt 0.171875 0.000000
vt 0.140625 0.000000
vt 0.109375 0.000000
vt 0.078125 0.000000
vt 0.046875 0.000000
vt 0.015625 0.000000
vt 0.984375 0.000000
vt 0.953125 0.000000
vt 0.921875 0.000000
vt 0.890625 0.000000
vt 0.859375 0.000000
vt 0.828125 0.000000
vt 0.796875 0.000000
vt 0.765625 0.000000
vt 0.093750 0.937500
vt 0.093750 0.875000
vt 0.093750 0.812500
vt 0.093750 0.750000
vt 0.093750 0.687500
vt 0.093750 0.625000
vt 0.093750 0.562500
vt 0.093750 0.500000
vt 0.093750 0.437500
vt 0.093750 0.375000
vt 0.093750 0.312500
vt 0.093750 0.250000
vt 0.093750 0.187500
vt 0.093750 0.125000
vt 0.093750 0.062500
vt 0.062500 0.937500
vt 0.062500 0.875000
vt 0.062500 0.812500
vt 0.062500 0.750000
vt 0.062500 0.687500
vt 0.062500 0.625000
vt 0.062500 0.562500
vt 0.062500 0.500000
vt 0.062500 0.437500
vt 0.062500 0.375000
vt 0.062500 0.312500
vt 0.062500 0.250000
vt 0.062500 0.187500
vt 0.062500 0.125000
vt 0.062500 0.062500
vt 0.031250 0.937500
vt 0.031250 0.875000
vt 0.031250 0.812500
vt 0.031250 0.750000
vt 0.031250 0.687500
vt 0.031250 0.625000
vt 0.031250 0.562500
vt 0.031250 0.500000
vt 0.031250 0.437500
vt 0.031250 0.375000
vt 0.031250 0.312500
vt 0.031250 0.250000
vt 0.031250 0.187500
vt 0.031250 0.125000
vt 0.031250 0.062500
vt 0.000000 0.937500
vt 1.000000 0.937500
vt 0.000000 0.875000
vt 1.000000 0.875000
vt 0.000000 0.812500
vt 1.000000 0.812500
vt 0.000000 0.750000
vt 1.000000 0.750000
vt 0.000000 0.687500
vt 1.000000 0.687500
vt 0.000000 0.625000
vt 1.000000 0.625000
vt 0.000000 0.562500
vt 1.000000 0.562500
vt 0.000000 0.500000
vt 1.000000 0.500000
vt 0.000000 0.437500
vt 1.000000 0.437500
vt 0.000000 0.375000
vt 1.000000 0.375000
vt 0.000000 0.312500
vt 1.000000 0.312500
vt 0.000000 0.250000
vt 1.000000 0.250000
vt 0.000000 0.187500
vt 1.000000 0.187500
vt 0.000000 0.125000
vt 1.000000 0.125000
vt 0.000000 0.062500
vt 1.000000 0.062500
vt 0.968750 0.937500
vt 0.968750 0.875000
vt 0.968750 0.812500
vt 0.968750 0.750000
vt 0.968750 0.687500
vt 0.968750 0.625000
vt 0.968750 0.562500
vt 0.968750 0.500000
vt 0.968750 0.437500
vt 0.968750 0.375000
vt 0.968750 0.312500
vt 0.968750 0.250000
vt 0.968750 0.187500
vt 0.968750 0.125000
vt 0.968750 0.062500
vt 0.937500 0.937500
vt 0.937500 0.875000
vt 0.937500 0.812500
vt 0.937500 0.750000
vt 0.937500 0.687500
vt 0.937500 0.625000
vt 0.937500 0.562500
vt 0.937500 0.500000
vt 0.937500 0.437500
vt 0.937500 0.375000
vt 0.937500 0.312500
vt 0.937500 0.250000
vt 0.937500 0.187500
vt 0.937500 0.125000
vt 0.937500 0.062500
vt 0.906250 0.937500
vt 0.906250 0.875000
vt 0.906250 0.812500
vt 0.906250 0.750000
vt 0.906250 0.687500
vt 0.906250 0.625000
vt 0.906250 0.562500
vt 0.906250 0.500000
vt 0.906250 0.437500
vt 0.906250 0.375000
vt 0.906250 0.312500
vt 0.906250 0.250000
vt 0.906250 0.187500
vt 0.906250 0.125000
vt 0.906250 0.062500
vt 0.875000 0.937500
vt 0.875000 0.875000
vt 0.875000 0.812500
vt 0.875000 0.750000
vt 0.875000 0.687500
vt 0.875000 0.625000
vt 0.875000 0.562500
vt 0.875000 0.500000
vt 0.875000 0.437500
vt 0.875000 0.375000
vt 0.875000 0.312500
vt 0.875000 0.250000
vt 0.875000 0.187500
vt 0.875000 0.125000
vt 0.875000 0.062500
vt 0.843750 0.937500
vt 0.843750 0.875000
vt 0.843750 0.812500
vt 0.843750 0.750000
vt 0.843750 0.687500
vt 0.843750 0.625000
vt 0.843750 0.562500
vt 0.843750 0.500000
vt 0.843750 0.437500
vt 0.843750 0.375000
vt 0.843750 0.312500
vt 0.843750 0.250000
vt 0.843750 0.187500
vt 0.843750 0.125000
vt 0.843750 0.062500
vt 0.812500 0.937500
vt 0.812500 0.875000
vt 0.812500 0.812500
vt 0.812500 0.750000
vt 0.812500 0.687500
vt 0.812500 0.625000
vt 0.812500 0.562500
vt 0.812500 0.500000
vt 0.812500 0.437500
vt 0.812500 0.375000
vt 0.812500 0.312500
vt 0.812500 0.250000
vt 0.812500 0.187500
vt 0.812500 0.125000
vt 0.812500 0.062500
vt 0.781250 0.937500
vt 0.781250 0.875000
vt 0.781250 0.812500
vt 0.781250 0.750000
vt 0.781250 0.687500
vt 0.781250 0.625000
vt 0.781250 0.562500
vt 0.781250 0.500000
vt 0.781250 0.437500
vt 0.781250 0.375000
vt 0.781250 0.312500
vt 0.781250 0.250000
vt 0.781250 0.187500
vt 0.781250 0.125000
vt 0.781250 0.062500
vt 0.750000 0.937500
vt 0.750000 0.875000
vt 0.750000 0.750000
vt 0.750000 0.625000
vt 0.750000 0.375000
vt 0.750000 0.250000
vt 0.750000 0.187500
vt 0.750000 0.125000
vt 0.750000 0.062500
s 0
f 478/555/1 5/5/1 15/15/1 16/16/1
f 1/1/2 475/552/2 8/8/2 9/9/2
f 6/6/3 478/555/3 16/16/3 17/17/3
f 476/553/4 1/1/4 9/9/4 10/10/4
f 479/556/5 6/6/5 17/17/5 18/18/5
f 2/2/6 476/553/6 10/10/6 11/11/6
f 480/557/7 479/556/7 18/18/7 19/19/7
f 477/554/8 2/2/8 11/11/8 12/12/8
f 481/558/9 480/557/9 19/19/9 20/20/9
f 3/3/10 477/554/10 12/12/10 13/13/10
f 482/559/11 481/558/11 20/20/11 21/21/11
f 4/4/12 3/3/12 13/13/12 14/14/12
f 474/551/13 82/82/13 7/7/13
f 308/339/14 482/559/14 21/21/14
f 5/5/15 4/4/15 14/14/15 15/15/15
f 475/552/16 474/551/16 7/7/16 8/8/16
f 308/340/17 21/21/17 36/36/17
f 15/15/18 14/14/18 29/29/18 30/30/18
f 8/8/19 7/7/19 22/22/19 23/23/19
f 16/16/20 15/15/20 30/30/20 31/31/20
f 9/9/21 8/8/21 23/23/21 24/24/21
f 17/17/22 16/16/22 31/31/22 32/32/22
f 10/10/23 9/9/23 24/24/23 25/25/23
f 18/18/24 17/17/24 32/32/24 33/33/24
f 11/11/25 10/10/25 25/25/25 26/26/25
f 19/19/26 18/18/26 33/33/26 34/34/26
f 12/12/27 11/11/27 26/26/27 27/27/27
f 20/20/28 19/19/28 34/34/28 35/35/28
f 13/13/29 12/12/29 27/27/29 28/28/29
f 21/21/30 20/20/30 35/35/30 36/36/30
f 14/14/31 13/13/31 28/28/31 29/29/31
f 7/7/32 82/83/32 22/22/32
f 34/34/33 33/33/33 48/48/33 49/49/33
f 27/27/34 26/26/34 41/41/34 42/42/34
f 35/35/35 34/34/35 49/49/35 50/50/35
f 28/28/36 27/27/36 42/42/36 43/43/36
f 36/36/37 35/35/37 50/50/37 51/51/37
f 29/29/38 28/28/38 43/43/38 44/44/38
f 22/22/39 82/84/39 37/37/39
f 308/341/40 36/36/40 51/51/40
f 30/30/41 29/29/41 44/44/41 45/45/41
f 23/23/42 22/22/42 37/37/42 38/38/42
f 31/31/43 30/30/43 45/45/43 46/46/43
f 24/24/44 23/23/44 38/38/44 39/39/44
f 32/32/45 31/31/45 46/46/45 47/47/45
f 25/25/46 24/24/46 39/39/46 40/40/46
f 33/33/47 32/32/47 47/47/47 48/48/47
f 26/26/48 25/25/48 40/40/48 41/41/48
f 38/38/49 37/37/49 52/52/49 53/53/49
f 46/46/50 45/45/50 60/60/50 61/61/50
f 39/39/51 38/38/51 53/53/51 54/54/51
f 47/47/52 46/46/52 61/61/52 62/62/52
f 40/40/53 39/39/53 54/54/53 55/55/53
f 48/48/54 47/47/54 62/62/54 63/63/54
f 41/41/55 40/40/55 55/55/55 56/56/55
f 49/49/56 48/48/56 63/63/56 64/64/56
f 42/42/57 41/41/57 56/56/57 57/57/57
f 50/50/58 49/49/58 64/64/58 65/65/58
f 43/43/59 42/42/59 57/57/59 58/58/59
f 51/51/60 50/50/60 65/65/60 66/66/60
f 44/44/61 43/43/61 58/58/61 59/59/61
f 37/37/62 82/85/62 52/52/62
f 308/342/63 51/51/63 66/66/63
f 45/45/64 44/44/64 59/59/64 60/60/64
f 57/57/65 56/56/65 71/71/65 72/72/65
f 65/65/66 64/64/66 79/79/66 80/80/66
f 58/58/67 57/57/67 72/72/67 73/73/67
f 66/66/68 65/65/68 80/80/68 81/81/68
f 59/59/69 58/58/69 73/73/69 74/74/69
f 52/52/70 82/86/70 67/67/70
f 308/343/71 66/66/71 81/81/71
f 60/60/72 59/59/72 74/74/72 75/75/72
f 53/53/73 52/52/73 67/67/73 68/68/73
f 61/61/74 60/60/74 75/75/74 76/76/74
f 54/54/75 53/53/75 68/68/75 69/69/75
f 62/62/76 61/61/76 76/76/76 77/77/76
f 55/55/77 54/54/77 69/69/77 70/70/77
f 63/63/78 62/62/78 77/77/78 78/78/78
f 56/56/79 55/55/79 70/70/79 71/71/79
f 64/64/80 63/63/80 78/78/80 79/79/80
f 76/76/81 75/75/81 91/122/81 92/123/81
f 69/69/82 68/68/82 84/115/82 85/116/82
f 77/77/83 76/76/83 92/123/83 93/124/83
f 70/70/84 69/69/84 85/116/84 86/117/84
f 78/78/85 77/77/85 93/124/85 94/125/85
f 71/71/86 70/70/86 86/117/86 87/118/86
f 79/79/87 78/78/87 94/125/87 95/126/87
f 72/72/88 71/71/88 87/118/88 88/119/88
f 80/80/89 79/79/89 95/126/89 96/127/89
f 73/73/90 72/72/90 88/119/90 89/120/90
f 81/81/91 80/80/91 96/127/91 97/128/91
f 74/74/92 73/73/92 89/120/92 90/121/92
f 67/67/93 82/87/93 83/114/93
f 308/344/94 81/81/94 97/128/94
f 75/75/95 74/74/95 90/121/95 91/122/95
f 68/68/96 67/67/96 83/114/96 84/115/96
f 96/127/97 95/126/97 110/141/97 111/142/97
f 89/120/98 88/119/98 103/134/98 104/135/98
f 97/128/99 96/127/99 111/142/99 112/143/99
f 90/121/100 89/120/100 104/135/100 105/136/100
f 83/114/101 82/88/101 98/129/101
f 308/345/102 97/128/102 112/143/102
f 91/122/103 90/121/103 105/136/103 106/137/103
f 84/115/104 83/114/104 98/129/104 99/130/104
f 92/123/105 91/122/105 106/137/105 107/138/105
f 85/116/106 84/115/106 99/130/106 100/131/106
f 93/124/107 92/123/107 107/138/107 108/139/107
f 86/117/108 85/116/108 100/131/108 101/132/108
f 94/125/109 93/124/109 108/139/109 109/140/109
f 87/118/110 86/117/110 101/132/110 102/133/110
f 95/126/111 94/125/111 109/140/111 110/141/111
f 88/119/112 87/118/112 102/133/112 103/134/112
f 100/131/113 99/130/113 114/145/113 115/146/113
f 108/139/114 107/138/114 122/153/114 123/154/114
f 101/132/115 100/131/115 115/146/115 116/147/115
f 109/140/116 108/139/116 123/154/116 124/155/116
f 102/133/117 101/132/117 116/147/117 117/148/117
f 110/141/118 109/140/118 124/155/118 125/156/118
f 103/134/119 102/133/119 117/148/119 118/149/119
f 111/142/120 110/141/120 125/156/120 126/157/120
f 104/135/121 103/134/121 118/149/121 119/150/121
f 112/143/122 111/142/122 126/157/122 127/158/122
f 105/136/123 104/135/123 119/150/123 120/151/123
f 98/129/124 82/89/124 113/144/124
f 308/346/125 112/143/125 127/158/125
f 106/137/126 105/136/126 120/151/126 121/152/126
f 99/130/127 98/129/127 113/144/127 114/145/127
f 107/138/128 106/137/128 121/152/128 122/153/128
f 119/150/129 118/149/129 133/164/129 134/165/129
f 127/158/130 126/157/130 141/172/130 142/173/130
f 120/151/131 119/150/131 134/165/131 135/166/131
f 113/144/132 82/90/132 128/159/132
f 308/347/133 127/158/133 142/173/133
f 121/152/134 120/151/134 135/166/134 136/167/134
f 114/145/135 113/144/135 128/159/135 129/160/135
f 122/153/136 121/152/136 136/167/136 137/168/136
f 115/146/137 114/145/137 129/160/137 130/161/137
f 123/154/138 122/153/138 137/168/138 138/169/138
f 116/147/139 115/146/139 130/161/139 131/162/139
f 124/155/140 123/154/140 138/169/140 139/170/140
f 117/148/141 116/147/141 131/162/141 132/163/141
f 125/156/142 124/155/142 139/170/142 140/171/142
f 118/149/143 117/148/143 132/163/143 133/164/143
f 126/157/144 125/156/144 140/171/144 141/172/144
f 138/169/145 137/168/145 152/183/145 153/184/145
f 131/162/146 130/161/146 145/176/146 146/177/146
f 139/170/147 138/169/147 153/184/147 154/185/147
f 132/163/148 131/162/148 146/177/148 147/178/148
f 140/171/149 139/170/149 154/185/149 155/186/149
f 133/164/150 132/163/150 147/178/150 148/179/150
f 141/172/151 140/171/151 155/186/151 156/187/151
f 134/165/152 133/164/152 148/179/152 149/180/152
f 142/173/153 141/172/153 156/187/153 157/188/153
f 135/166/154 134/165/154 149/180/154 150/181/154
f 128/159/155 82/91/155 143/174/155
f 308/348/156 142/173/156 157/188/156
f 136/167/157 135/166/157 150/181/157 151/182/157
f 129/160/158 128/159/158 143/174/158 144/175/158
f 137/168/159 136/167/159 151/182/159 152/183/159
f 130/161/160 129/160/160 144/175/160 145/176/160
f 157/188/161 156/187/161 171/202/161 172/203/161
f 150/181/162 149/180/162 164/195/162 165/196/162
f 143/174/163 82/92/163 158/189/163
f 308/349/164 157/188/164 172/203/164
f 151/182/165 150/181/165 165/196/165 166/197/165
f 144/175/166 143/174/166 158/189/166 159/190/166
f 152/183/167 151/182/167 166/197/167 167/198/167
f 145/176/168 144/175/168 159/190/168 160/191/168
f 153/184/169 152/183/169 167/198/169 168/199/169
f 146/177/170 145/176/170 160/191/170 161/192/170
f 154/185/171 153/184/171 168/199/171 169/200/171
f 147/178/172 146/177/172 161/192/172 162/193/172
f 155/186/173 154/185/173 169/200/173 170/201/173
f 148/179/174 147/178/174 162/193/174 163/194/174
f 156/187/175 155/186/175 170/201/175 171/202/175
f 149/180/176 148/179/176 163/194/176 164/195/176
f 169/200/177 168/199/177 183/214/177 184/215/177
f 162/193/178 161/192/178 176/207/178 177/208/178
f 170/201/179 169/200/179 184/215/179 185/216/179
f 163/194/180 162/193/180 177/208/180 178/209/180
f 171/202/181 170/201/181 185/216/181 186/217/181
f 164/195/182 163/194/182 178/209/182 179/210/182
f 172/203/183 171/202/183 186/217/183 187/218/183
f 165/196/184 164/195/184 179/210/184 180/211/184
f 158/189/185 82/93/185 173/204/185
f 308/350/186 172/203/186 187/218/186
f 166/197/187 165/196/187 180/211/187 181/212/187
f 159/190/188 158/189/188 173/204/188 174/205/188
f 167/198/189 166/197/189 181/212/189 182/213/189
f 160/191/190 159/190/190 174/205/190 175/206/190
f 168/199/191 167/198/191 182/213/191 183/214/191
f 161/192/192 160/191/192 175/206/192 176/207/192
f 173/204/193 82/94/193 188/219/193
f 308/351/194 187/218/194 202/233/194
f 181/212/195 180/211/195 195/226/195 196/227/195
f 174/205/196 173/204/196 188/219/196 189/220/196
f 182/213/197 181/212/197 196/227/197 197/228/197
f 175/206/198 174/205/198 189/220/198 190/221/198
f 183/214/199 182/213/199 197/228/199 198/229/199
f 176/207/200 175/206/200 190/221/200 191/222/200
f 184/215/201 183/214/201 198/229/201 199/230/201
f 177/208/202 176/207/202 191/222/202 192/223/202
f 185/216/203 184/215/203 199/230/203 200/231/203
f 178/209/204 177/208/204 192/223/204 193/224/204
f 186/217/205 185/216/205 200/231/205 201/232/205
f 179/210/206 178/209/206 193/224/206 194/225/206
f 187/218/207 186/217/207 201/232/207 202/233/207
f 180/211/208 179/210/208 194/225/208 195/226/208
f 192/223/209 191/222/209 206/237/209 207/238/209
f 200/231/210 199/230/210 214/245/210 215/246/210
f 193/224/211 192/223/211 207/238/211 208/239/211
f 201/232/212 200/231/212 215/246/212 216/247/212
f 194/225/213 193/224/213 208/239/213 209/240/213
f 202/233/214 201/232/214 216/247/214 217/248/214
f 195/226/215 194/225/215 209/240/215 210/241/215
f 188/219/216 82/95/216 203/234/216
f 308/352/217 202/233/217 217/248/217
f 196/227/218 195/226/218 210/241/218 211/242/218
f 189/220/219 188/219/219 203/234/219 204/235/219
f 197/228/220 196/227/220 211/242/220 212/243/220
f 190/221/221 189/220/221 204/235/221 205/236/221
f 198/229/222 197/228/222 212/243/222 213/244/222
f 191/222/223 190/221/223 205/236/223 206/237/223
f 199/230/224 198/229/224 213/244/224 214/245/224
f 211/242/225 210/241/225 225/256/225 226/257/225
f 204/235/226 203/234/226 218/249/226 219/250/226
f 212/243/227 211/242/227 226/257/227 227/258/227
f 205/236/228 204/235/228 219/250/228 220/251/228
f 213/244/229 212/243/229 227/258/229 228/259/229
f 206/237/230 205/236/230 220/251/230 221/252/230
f 214/245/231 213/244/231 228/259/231 229/260/231
f 207/238/232 206/237/232 221/252/232 222/253/232
f 215/246/233 214/245/233 229/260/233 230/261/233
f 208/239/234 207/238/234 222/253/234 223/254/234
f 216/247/235 215/246/235 230/261/235 231/262/235
f 209/240/236 208/239/236 223/254/236 224/255/236
f 217/248/237 216/247/237 231/262/237 232/263/237
f 210/241/238 209/240/238 224/255/238 225/256/238
f 203/234/239 82/96/239 218/249/239
f 308/353/240 217/248/240 232/263/240
f 230/261/241 229/260/241 244/275/241 245/276/241
f 223/254/242 222/253/242 237/268/242 238/269/242
f 231/262/243 230/261/243 245/276/243 246/277/243
f 224/255/244 223/254/244 238/269/244 239/270/244
f 232/263/245 231/262/245 246/277/245 247/278/245
f 225/256/246 224/255/246 239/270/246 240/271/246
f 218/249/247 82/97/247 233/264/247
f 308/354/248 232/263/248 247/278/248
f 226/257/249 225/256/249 240/271/249 241/272/249
f 219/250/250 218/249/250 233/264/250 234/265/250
f 227/258/251 226/257/251 241/272/251 242/273/251
f 220/251/252 219/250/252 234/265/252 235/266/252
f 228/259/253 227/258/253 242/273/253 243/274/253
f 221/252/254 220/251/254 235/266/254 236/267/254
f 229/260/255 228/259/255 243/274/255 244/275/255
f 222/253/256 221/252/256 236/267/256 237/268/256
f 234/265/257 233/264/257 248/279/257 249/280/257
f 242/273/258 241/272/258 256/287/258 257/288/258
f 235/266/259 234/265/259 249/280/259 250/281/259
f 243/274/260 242/273/260 257/288/260 258/289/260
f 236/267/261 235/266/261 250/281/261 251/282/261
f 244/275/262 243/274/262 258/289/262 259/290/262
f 237/268/263 236/267/263 251/282/263 252/283/263
f 245/276/264 244/275/264 259/290/264 260/291/264
f 238/269/265 237/268/265 252/283/265 253/284/265
f 246/277/266 245/276/266 260/291/266 261/292/266
f 239/270/267 238/269/267 253/284/267 254/285/267
f 247/278/268 246/277/268 261/292/268 262/293/268
f 240/271/269 239/270/269 254/285/269 255/286/269
f 233/264/270 82/98/270 248/279/270
f 308/355/271 247/278/271 262/293/271
f 241/272/272 240/271/272 255/286/272 256/287/272
f 253/284/273 252/283/273 267/298/273 268/299/273
f 261/292/274 260/291/274 275/306/274 276/307/274
f 254/285/275 253/284/275 268/299/275 269/300/275
f 262/293/276 261/292/276 276/307/276 277/308/276
f 255/286/277 254/285/277 269/300/277 270/301/277
f 248/279/278 82/99/278 263/294/278
f 308/356/279 262/293/279 277/308/279
f 256/287/280 255/286/280 270/301/280 271/302/280
f 249/280/281 248/279/281 263/294/281 264/295/281
f 257/288/282 256/287/282 271/302/282 272/303/282
f 250/281/283 249/280/283 264/295/283 265/296/283
f 258/289/284 257/288/284 272/303/284 273/304/284
f 251/282/285 250/281/285 265/296/285 266/297/285
f 259/290/286 258/289/286 273/304/286 274/305/286
f 252/283/287 251/282/287 266/297/287 267/298/287
f 260/291/288 259/290/288 274/305/288 275/306/288
f 272/303/289 271/302/289 286/317/289 287/318/289
f 265/296/290 264/295/290 279/310/290 280/311/290
f 273/304/291 272/303/291 287/318/291 288/319/291
f 266/297/292 265/296/292 280/311/292 281/312/292
f 274/305/293 273/304/293 288/319/293 289/320/293
f 267/298/294 266/297/294 281/312/294 282/313/294
f 275/306/295 274/305/295 289/320/295 290/321/295
f 268/299/296 267/298/296 282/313/296 283/314/296
f 276/307/297 275/306/297 290/321/297 291/322/297
f 269/300/298 268/299/298 283/314/298 284/315/298
f 277/308/299 276/307/299 291/322/299 292/323/299
f 270/301/300 269/300/300 284/315/300 285/316/300
f 263/294/301 82/100/301 278/309/301
f 308/357/302 277/308/302 292/323/302
f 271/302/303 270/301/303 285/316/303 286/317/303
f 264/295/304 263/294/304 278/309/304 279/310/304
f 291/322/305 290/321/305 305/336/305 306/337/305
f 284/315/306 283/314/306 298/329/306 299/330/306
f 292/323/307 291/322/307 306/337/307 307/338/307
f 285/316/308 284/315/308 299/330/308 300/331/308
f 278/309/309 82/101/309 293/324/309
f 308/358/310 292/323/310 307/338/310
f 286/317/311 285/316/311 300/331/311 301/332/311
f 279/310/312 278/309/312 293/324/312 294/325/312
f 287/318/313 286/317/313 301/332/313 302/333/313
f 280/311/314 279/310/314 294/325/314 295/326/314
f 288/319/315 287/318/315 302/333/315 303/334/315
f 281/312/316 280/311/316 295/326/316 296/327/316
f 289/320/317 288/319/317 303/334/317 304/335/317
f 282/313/318 281/312/318 296/327/318 297/328/318
f 290/321/319 289/320/319 304/335/319 305/336/319
f 283/314/320 282/313/320 297/328/320 298/329/320
f 303/334/321 302/333/321 318/380/321 319/381/321
f 296/327/322 295/326/322 311/373/322 312/374/322
f 304/335/323 303/334/323 319/381/323 320/382/323
f 297/328/324 296/327/324 312/374/324 313/375/324
f 305/336/325 304/335/325 320/382/325 321/383/325
f 298/329/326 297/328/326 313/375/326 314/376/326
f 306/337/327 305/336/327 321/383/327 322/384/327
f 299/330/328 298/329/328 314/376/328 315/377/328
f 307/338/329 306/337/329 322/384/329 323/385/329
f 300/331/330 299/330/330 315/377/330 316/378/330
f 293/324/331 82/102/331 309/371/331
f 308/359/332 307/338/332 323/385/332
f 301/332/333 300/331/333 316/378/333 317/379/333
f 294/325/334 293/324/334 309/371/334 310/372/334
f 302/333/335 301/332/335 317/379/335 318/380/335
f 295/326/336 294/325/336 310/372/336 311/373/336
f 323/385/337 322/384/337 337/399/337 338/400/337
f 316/378/338 315/377/338 330/392/338 331/393/338
f 309/371/339 82/103/339 324/386/339
f 308/360/340 323/385/340 338/400/340
f 317/379/341 316/378/341 331/393/341 332/394/341
f 310/372/342 309/371/342 324/386/342 325/387/342
f 318/380/343 317/379/343 332/394/343 333/395/343
f 311/373/344 310/372/344 325/387/344 326/388/344
f 319/381/345 318/380/345 333/395/345 334/396/345
f 312/374/346 311/373/346 326/388/346 327/389/346
f 320/382/347 319/381/347 334/396/347 335/397/347
f 313/375/348 312/374/348 327/389/348 328/390/348
f 321/383/349 320/382/349 335/397/349 336/398/349
f 314/376/350 313/375/350 328/390/350 329/391/350
f 322/384/351 321/383/351 336/398/351 337/399/351
f 315/377/352 314/376/352 329/391/352 330/392/352
f 327/389/353 326/388/353 341/403/353 342/404/353
f 335/397/354 334/396/354 349/411/354 350/412/354
f 328/390/355 327/389/355 342/404/355 343/405/355
f 336/398/356 335/397/356 350/412/356 351/413/356
f 329/391/357 328/390/357 343/405/357 344/406/357
f 337/399/358 336/398/358 351/413/358 352/414/358
f 330/392/359 329/391/359 344/406/359 345/407/359
f 338/400/360 337/399/360 352/414/360 353/415/360
f 331/393/361 330/392/361 345/407/361 346/408/361
f 324/386/362 82/104/362 339/401/362
f 308/361/363 338/400/363 353/415/363
f 332/394/364 331/393/364 346/408/364 347/409/364
f 325/387/365 324/386/365 339/401/365 340/402/365
f 333/395/366 332/394/366 347/409/366 348/410/366
f 326/388/367 325/387/367 340/402/367 341/403/367
f 334/396/368 333/395/368 348/410/368 349/411/368
f 346/408/369 345/407/369 360/428/369 361/430/369
f 339/401/370 82/105/370 354/416/370
f 308/362/371 353/415/371 368/444/371
f 347/409/372 346/408/372 361/430/372 362/432/372
f 340/402/373 339/401/373 354/416/373 355/418/373
f 348/410/374 347/409/374 362/432/374 363/434/374
f 341/403/375 340/402/375 355/418/375 356/420/375
f 349/411/376 348/410/376 363/434/376 364/436/376
f 342/404/377 341/403/377 356/420/377 357/422/377
f 350/412/378 349/411/378 364/436/378 365/438/378
f 343/405/379 342/404/379 357/422/379 358/424/379
f 351/413/380 350/412/380 365/438/380 366/440/380
f 344/406/381 343/405/381 358/424/381 359/426/381
f 352/414/382 351/413/382 366/440/382 367/442/382
f 345/407/383 344/406/383 359/426/383 360/428/383
f 353/415/384 352/414/384 367/442/384 368/444/384
f 365/439/385 364/437/385 379/456/385 380/457/385
f 358/425/386 357/423/386 372/449/386 373/450/386
f 366/441/387 365/439/387 380/457/387 381/458/387
f 359/427/388 358/425/388 373/450/388 374/451/388
f 367/443/389 366/441/389 381/458/389 382/459/389
f 360/429/390 359/427/390 374/451/390 375/452/390
f 368/445/391 367/443/391 382/459/391 383/460/391
f 361/431/392 360/429/392 375/452/392 376/453/392
f 354/417/393 82/106/393 369/446/393
f 308/363/394 368/445/394 383/460/394
f 362/433/395 361/431/395 376/453/395 377/454/395
f 355/419/396 354/417/396 369/446/396 370/447/396
f 363/435/397 362/433/397 377/454/397 378/455/397
f 356/421/398 355/419/398 370/447/398 371/448/398
f 364/437/399 363/435/399 378/455/399 379/456/399
f 357/423/400 356/421/400 371/448/400 372/449/400
f 369/446/401 82/107/401 384/461/401
f 308/364/402 383/460/402 398/475/402
f 377/454/403 376/453/403 391/468/403 392/469/403
f 370/447/404 369/446/404 384/461/404 385/462/404
f 378/455/405 377/454/405 392/469/405 393/470/405
f 371/448/406 370/447/406 385/462/406 386/463/406
f 379/456/407 378/455/407 393/470/407 394/471/407
f 372/449/408 371/448/408 386/463/408 387/464/408
f 380/457/409 379/456/409 394/471/409 395/472/409
f 373/450/410 372/449/410 387/464/410 388/465/410
f 381/458/411 380/457/411 395/472/411 396/473/411
f 374/451/412 373/450/412 388/465/412 389/466/412
f 382/459/413 381/458/413 396/473/413 397/474/413
f 375/452/414 374/451/414 389/466/414 390/467/414
f 383/460/415 382/459/415 397/474/415 398/475/415
f 376/453/416 375/452/416 390/467/416 391/468/416
f 388/465/417 387/464/417 402/479/417 403/480/417
f 396/473/418 395/472/418 410/487/418 411/488/418
f 389/466/419 388/465/419 403/480/419 404/481/419
f 397/474/420 396/473/420 411/488/420 412/489/420
f 390/467/421 389/466/421 404/481/421 405/482/421
f 398/475/422 397/474/422 412/489/422 413/490/422
f 391/468/423 390/467/423 405/482/423 406/483/423
f 384/461/424 82/108/424 399/476/424
f 308/365/425 398/475/425 413/490/425
f 392/469/426 391/468/426 406/483/426 407/484/426
f 385/462/427 384/461/427 399/476/427 400/477/427
f 393/470/428 392/469/428 407/484/428 408/485/428
f 386/463/429 385/462/429 400/477/429 401/478/429
f 394/471/430 393/470/430 408/485/430 409/486/430
f 387/464/431 386/463/431 401/478/431 402/479/431
f 395/472/432 394/471/432 409/486/432 410/487/432
f 407/484/433 406/483/433 421/498/433 422/499/433
f 400/477/434 399/476/434 414/491/434 415/492/434
f 408/485/435 407/484/435 422/499/435 423/500/435
f 401/478/436 400/477/436 415/492/436 416/493/436
f 409/486/437 408/485/437 423/500/437 424/501/437
f 402/479/438 401/478/438 416/493/438 417/494/438
f 410/487/439 409/486/439 424/501/439 425/502/439
f 403/480/440 402/479/440 417/494/440 418/495/440
f 411/488/441 410/487/441 425/502/441 426/503/441
f 404/481/442 403/480/442 418/495/442 419/496/442
f 412/489/443 411/488/443 426/503/443 427/504/443
f 405/482/444 404/481/444 419/496/444 420/497/444
f 413/490/445 412/489/445 427/504/445 428/505/445
f 406/483/446 405/482/446 420/497/446 421/498/446
f 399/476/447 82/109/447 414/491/447
f 308/366/448 413/490/448 428/505/448
f 426/503/449 425/502/449 440/517/449 441/518/449
f 419/496/450 418/495/450 433/510/450 434/511/450
f 427/504/451 426/503/451 441/518/451 442/519/451
f 420/497/452 419/496/452 434/511/452 435/512/452
f 428/505/453 427/504/453 442/519/453 443/520/453
f 421/498/454 420/497/454 435/512/454 436/513/454
f 414/491/455 82/110/455 429/506/455
f 308/367/456 428/505/456 443/520/456
f 422/499/457 421/498/457 436/513/457 437/514/457
f 415/492/458 414/491/458 429/506/458 430/507/458
f 423/500/459 422/499/459 437/514/459 438/515/459
f 416/493/460 415/492/460 430/507/460 431/508/460
f 424/501/461 423/500/461 438/515/461 439/516/461
f 417/494/462 416/493/462 431/508/462 432/509/462
f 425/502/463 424/501/463 439/516/463 440/517/463
f 418/495/464 417/494/464 432/509/464 433/510/464
f 438/515/465 437/514/465 452/529/465 453/530/465
f 431/508/466 430/507/466 445/522/466 446/523/466
f 439/516/467 438/515/467 453/530/467 454/531/467
f 432/509/468 431/508/468 446/523/468 447/524/468
f 440/517/469 439/516/469 454/531/469 455/532/469
f 433/510/470 432/509/470 447/524/470 448/525/470
f 441/518/471 440/517/471 455/532/471 456/533/471
f 434/511/472 433/510/472 448/525/472 449/526/472
f 442/519/473 441/518/473 456/533/473 457/534/473
f 435/512/474 434/511/474 449/526/474 450/527/474
f 443/520/475 442/519/475 457/534/475 458/535/475
f 436/513/476 435/512/476 450/527/476 451/528/476
f 429/506/477 82/111/477 444/521/477
f 308/368/478 443/520/478 458/535/478
f 437/514/479 436/513/479 451/528/479 452/529/479
f 430/507/480 429/506/480 444/521/480 445/522/480
f 457/534/481 456/533/481 471/548/481 472/549/481
f 450/527/482 449/526/482 464/541/482 465/542/482
f 458/535/483 457/534/483 472/549/483 473/550/483
f 451/528/484 450/527/484 465/542/484 466/543/484
f 444/521/485 82/112/485 459/536/485
f 308/369/486 458/535/486 473/550/486
f 452/529/487 451/528/487 466/543/487 467/544/487
f 445/522/488 444/521/488 459/536/488 460/537/488
f 453/530/489 452/529/489 467/544/489 468/545/489
f 446/523/490 445/522/490 460/537/490 461/538/490
f 454/531/491 453/530/491 468/545/491 469/546/491
f 447/524/492 446/523/492 461/538/492 462/539/492
f 455/532/493 454/531/493 469/546/493 470/547/493
f 448/525/494 447/524/494 462/539/494 463/540/494
f 456/533/495 455/532/495 470/547/495 471/548/495
f 449/526/496 448/525/496 463/540/496 464/541/496
f 461/538/497 460/537/497 475/552/497 1/1/497
f 469/546/498 468/545/498 478/555/498 6/6/498
f 462/539/499 461/538/499 1/1/499 476/553/499
f 470/547/500 469/546/500 6/6/500 479/556/500
f 463/540/501 462/539/501 476/553/501 2/2/501
f 471/548/502 470/547/502 479/556/502 480/557/502
f 464/541/503 463/540/503 2/2/503 477/554/503
f 472/549/504 471/548/504 480/557/504 481/558/504
f 465/542/505 464/541/505 477/554/505 3/3/505
f 473/550/506 472/549/506 481/558/506 482/559/506
f 466/543/507 465/542/507 3/3/507 4/4/507
f 459/536/508 82/113/508 474/551/508
f 308/370/509 473/550/509 482/559/509
f 467/544/510 466/543/510 4/4/510 5/5/510
f 460/537/511 459/536/511 474/551/511 475/552/511
f 468/545/512 467/544/512 5/5/512 478/555/512
f 960/1114/1 487/564/1 497/574/1 498/575/1
f 483/560/2 957/1111/2 490/567/2 491/568/2
f 488/565/3 960/1114/3 498/575/3 499/576/3
f 958/1112/4 483/560/4 491/568/4 492/569/4
f 961/1115/5 488/565/5 499/576/5 500/577/5
f 484/561/6 958/1112/6 492/569/6 493/570/6
f 962/1116/7 961/1115/7 500/577/7 501/578/7
f 959/1113/8 484/561/8 493/570/8 494/571/8
f 963/1117/9 962/1116/9 501/578/9 502/579/9
f 485/562/10 959/1113/10 494/571/10 495/572/10
f 964/1118/11 963/1117/11 502/579/11 503/580/11
f 486/563/12 485/562/12 495/572/12 496/573/12
f 956/1110/13 564/641/13 489/566/13
f 790/898/14 964/1118/14 503/580/14
f 487/564/15 486/563/15 496/573/15 497/574/15
f 957/1111/16 956/1110/16 489/566/16 490/567/16
f 790/899/17 503/580/17 518/595/17
f 497/574/513 496/573/513 511/588/513 512/589/513
f 490/567/19 489/566/19 504/581/19 505/582/19
f 498/575/20 497/574/20 512/589/20 513/590/20
f 491/568/21 490/567/21 505/582/21 506/583/21
f 499/576/22 498/575/22 513/590/22 514/591/22
f 492/569/23 491/568/23 506/583/23 507/584/23
f 500/577/24 499/576/24 514/591/24 515/592/24
f 493/570/25 492/569/25 507/584/25 508/585/25
f 501/578/26 500/577/26 515/592/26 516/593/26
f 494/571/27 493/570/27 508/585/27 509/586/27
f 502/579/28 501/578/28 516/593/28 517/594/28
f 495/572/29 494/571/29 509/586/29 510/587/29
f 503/580/514 502/579/514 517/594/514 518/595/514
f 496/573/515 495/572/515 510/587/515 511/588/515
f 489/566/32 564/642/32 504/581/32
f 516/593/33 515/592/33 530/607/33 531/608/33
f 509/586/34 508/585/34 523/600/34 524/601/34
f 517/594/516 516/593/516 531/608/516 532/609/516
f 510/587/36 509/586/36 524/601/36 525/602/36
f 518/595/37 517/594/37 532/609/37 533/610/37
f 511/588/38 510/587/38 525/602/38 526/603/38
f 504/581/39 564/643/39 519/596/39
f 790/900/40 518/595/40 533/610/40
f 512/589/41 511/588/41 526/603/41 527/604/41
f 505/582/42 504/581/42 519/596/42 520/597/42
f 513/590/43 512/589/43 527/604/43 528/605/43
f 506/583/517 505/582/517 520/597/517 521/598/517
f 514/591/45 513/590/45 528/605/45 529/606/45
f 507/584/46 506/583/46 521/598/46 522/599/46
f 515/592/47 514/591/47 529/606/47 530/607/47
f 508/585/48 507/584/48 522/599/48 523/600/48
f 520/597/49 519/596/49 534/611/49 535/612/49
f 528/605/50 527/604/50 542/619/50 543/620/50
f 521/598/51 520/597/51 535/612/51 536/613/51
f 529/606/52 528/605/52 543/620/52 544/621/52
f 522/599/53 521/598/53 536/613/53 537/614/53
f 530/607/54 529/606/54 544/621/54 545/622/54
f 523/600/55 522/599/55 537/614/55 538/615/55
f 531/608/56 530/607/56 545/622/56 546/623/56
f 524/601/57 523/600/57 538/615/57 539/616/57
f 532/609/58 531/608/58 546/623/58 547/624/58
f 525/602/59 524/601/59 539/616/59 540/617/59
f 533/610/60 532/609/60 547/624/60 548/625/60
f 526/603/61 525/602/61 540/617/61 541/618/61
f 519/596/62 564/644/62 534/611/62
f 790/901/63 533/610/63 548/625/63
f 527/604/64 526/603/64 541/618/64 542/619/64
f 539/616/65 538/615/65 553/630/65 554/631/65
f 547/624/66 546/623/66 561/638/66 562/639/66
f 540/617/67 539/616/67 554/631/67 555/632/67
f 548/625/68 547/624/68 562/639/68 563/640/68
f 541/618/69 540/617/69 555/632/69 556/633/69
f 534/611/70 564/645/70 549/626/70
f 790/902/71 548/625/71 563/640/71
f 542/619/72 541/618/72 556/633/72 557/634/72
f 535/612/73 534/611/73 549/626/73 550/627/73
f 543/620/74 542/619/74 557/634/74 558/635/74
f 536/613/75 535/612/75 550/627/75 551/628/75
f 544/621/76 543/620/76 558/635/76 559/636/76
f 537/614/77 536/613/77 551/628/77 552/629/77
f 545/622/78 544/621/78 559/636/78 560/637/78
f 538/615/79 537/614/79 552/629/79 553/630/79
f 546/623/80 545/622/80 560/637/80 561/638/80
f 558/635/81 557/634/81 573/681/81 574/682/81
f 551/628/82 550/627/82 566/674/82 567/675/82
f 559/636/83 558/635/83 574/682/83 575/683/83
f 552/629/84 551/628/84 567/675/84 568/676/84
f 560/637/85 559/636/85 575/683/85 576/684/85
f 553/630/86 552/629/86 568/676/86 569/677/86
f 561/638/87 560/637/87 576/684/87 577/685/87
f 554/631/88 553/630/88 569/677/88 570/678/88
f 562/639/89 561/638/89 577/685/89 578/686/89
f 555/632/90 554/631/90 570/678/90 571/679/90
f 563/640/91 562/639/91 578/686/91 579/687/91
f 556/633/92 555/632/92 571/679/92 572/680/92
f 549/626/93 564/646/93 565/673/93
f 790/903/94 563/640/94 579/687/94
f 557/634/95 556/633/95 572/680/95 573/681/95
f 550/627/96 549/626/96 565/673/96 566/674/96
f 578/686/97 577/685/97 592/700/97 593/701/97
f 571/679/98 570/678/98 585/693/98 586/694/98
f 579/687/99 578/686/99 593/701/99 594/702/99
f 572/680/100 571/679/100 586/694/100 587/695/100
f 565/673/101 564/647/101 580/688/101
f 790/904/102 579/687/102 594/702/102
f 573/681/103 572/680/103 587/695/103 588/696/103
f 566/674/104 565/673/104 580/688/104 581/689/104
f 574/682/105 573/681/105 588/696/105 589/697/105
f 567/675/106 566/674/106 581/689/106 582/690/106
f 575/683/107 574/682/107 589/697/107 590/698/107
f 568/676/108 567/675/108 582/690/108 583/691/108
f 576/684/109 575/683/109 590/698/109 591/699/109
f 569/677/110 568/676/110 583/691/110 584/692/110
f 577/685/111 576/684/111 591/699/111 592/700/111
f 570/678/112 569/677/112 584/692/112 585/693/112
f 582/690/113 581/689/113 596/704/113 597/705/113
f 590/698/114 589/697/114 604/712/114 605/713/114
f 583/691/115 582/690/115 597/705/115 598/706/115
f 591/699/116 590/698/116 605/713/116 606/714/116
f 584/692/117 583/691/117 598/706/117 599/707/117
f 592/700/118 591/699/118 606/714/118 607/715/118
f 585/693/119 584/692/119 599/707/119 600/708/119
f 593/701/120 592/700/120 607/715/120 608/716/120
f 586/694/121 585/693/121 600/708/121 601/709/121
f 594/702/122 593/701/122 608/716/122 609/717/122
f 587/695/518 586/694/518 601/709/518 602/710/518
f 580/688/124 564/648/124 595/703/124
f 790/905/125 594/702/125 609/717/125
f 588/696/519 587/695/519 602/710/519 603/711/519
f 581/689/127 580/688/127 595/703/127 596/704/127
f 589/697/128 588/696/128 603/711/128 604/712/128
f 601/709/129 600/708/129 615/723/129 616/724/129
f 609/717/130 608/716/130 623/731/130 624/732/130
f 602/710/131 601/709/131 616/724/131 617/725/131
f 595/703/132 564/649/132 610/718/132
f 790/906/133 609/717/133 624/732/133
f 603/711/134 602/710/134 617/725/134 618/726/134
f 596/704/135 595/703/135 610/718/135 611/719/135
f 604/712/136 603/711/136 618/726/136 619/727/136
f 597/705/137 596/704/137 611/719/137 612/720/137
f 605/713/138 604/712/138 619/727/138 620/728/138
f 598/706/139 597/705/139 612/720/139 613/721/139
f 606/714/140 605/713/140 620/728/140 621/729/140
f 599/707/141 598/706/141 613/721/141 614/722/141
f 607/715/142 606/714/142 621/729/142 622/730/142
f 600/708/143 599/707/143 614/722/143 615/723/143
f 608/716/144 607/715/144 622/730/144 623/731/144
f 620/728/145 619/727/145 634/742/145 635/743/145
f 613/721/146 612/720/146 627/735/146 628/736/146
f 621/729/147 620/728/147 635/743/147 636/744/147
f 614/722/148 613/721/148 628/736/148 629/737/148
f 622/730/149 621/729/149 636/744/149 637/745/149
f 615/723/150 614/722/150 629/737/150 630/738/150
f 623/731/151 622/730/151 637/745/151 638/746/151
f 616/724/152 615/723/152 630/738/152 631/739/152
f 624/732/153 623/731/153 638/746/153 639/747/153
f 617/725/154 616/724/154 631/739/154 632/740/154
f 610/718/155 564/650/155 625/733/155
f 790/907/156 624/732/156 639/747/156
f 618/726/157 617/725/157 632/740/157 633/741/157
f 611/719/158 610/718/158 625/733/158 626/734/158
f 619/727/159 618/726/159 633/741/159 634/742/159
f 612/720/160 611/719/160 626/734/160 627/735/160
f 639/747/161 638/746/161 653/761/161 654/762/161
f 632/740/162 631/739/162 646/754/162 647/755/162
f 625/733/163 564/651/163 640/748/163
f 790/908/164 639/747/164 654/762/164
f 633/741/165 632/740/165 647/755/165 648/756/165
f 626/734/166 625/733/166 640/748/166 641/749/166
f 634/742/167 633/741/167 648/756/167 649/757/167
f 627/735/168 626/734/168 641/749/168 642/750/168
f 635/743/169 634/742/169 649/757/169 650/758/169
f 628/736/170 627/735/170 642/750/170 643/751/170
f 636/744/171 635/743/171 650/758/171 651/759/171
f 629/737/172 628/736/172 643/751/172 644/752/172
f 637/745/173 636/744/173 651/759/173 652/760/173
f 630/738/174 629/737/174 644/752/174 645/753/174
f 638/746/175 637/745/175 652/760/175 653/761/175
f 631/739/176 630/738/176 645/753/176 646/754/176
f 651/759/177 650/758/177 665/773/177 666/774/177
f 644/752/178 643/751/178 658/766/178 659/767/178
f 652/760/179 651/759/179 666/774/179 667/775/179
f 645/753/180 644/752/180 659/767/180 660/768/180
f 653/761/181 652/760/181 667/775/181 668/776/181
f 646/754/182 645/753/182 660/768/182 661/769/182
f 654/762/183 653/761/183 668/776/183 669/777/183
f 647/755/184 646/754/184 661/769/184 662/770/184
f 640/748/185 564/652/185 655/763/185
f 790/909/186 654/762/186 669/777/186
f 648/756/187 647/755/187 662/770/187 663/771/187
f 641/749/188 640/748/188 655/763/188 656/764/188
f 649/757/189 648/756/189 663/771/189 664/772/189
f 642/750/190 641/749/190 656/764/190 657/765/190
f 650/758/191 649/757/191 664/772/191 665/773/191
f 643/751/192 642/750/192 657/765/192 658/766/192
f 655/763/193 564/653/193 670/778/193
f 790/910/194 669/777/194 684/792/194
f 663/771/195 662/770/195 677/785/195 678/786/195
f 656/764/196 655/763/196 670/778/196 671/779/196
f 664/772/197 663/771/197 678/786/197 679/787/197
f 657/765/198 656/764/198 671/779/198 672/780/198
f 665/773/199 664/772/199 679/787/199 680/788/199
f 658/766/200 657/765/200 672/780/200 673/781/200
f 666/774/201 665/773/201 680/788/201 681/789/201
f 659/767/202 658/766/202 673/781/202 674/782/202
f 667/775/203 666/774/203 681/789/203 682/790/203
f 660/768/204 659/767/204 674/782/204 675/783/204
f 668/776/205 667/775/205 682/790/205 683/791/205
f 661/769/206 660/768/206 675/783/206 676/784/206
f 669/777/207 668/776/207 683/791/207 684/792/207
f 662/770/208 661/769/208 676/784/208 677/785/208
f 674/782/209 673/781/209 688/796/209 689/797/209
f 682/790/210 681/789/210 696/804/210 697/805/210
f 675/783/211 674/782/211 689/797/211 690/798/211
f 683/791/520 682/790/520 697/805/520 698/806/520
f 676/784/213 675/783/213 690/798/213 691/799/213
f 684/792/214 683/791/214 698/806/214 699/807/214
f 677/785/215 676/784/215 691/799/215 692/800/215
f 670/778/216 564/654/216 685/793/216
f 790/911/217 684/792/217 699/807/217
f 678/786/218 677/785/218 692/800/218 693/801/218
f 671/779/219 670/778/219 685/793/219 686/794/219
f 679/787/220 678/786/220 693/801/220 694/802/220
f 672/780/521 671/779/521 686/794/521 687/795/521
f 680/788/222 679/787/222 694/802/222 695/803/222
f 673/781/223 672/780/223 687/795/223 688/796/223
f 681/789/224 680/788/224 695/803/224 696/804/224
f 693/801/225 692/800/225 707/815/225 708/816/225
f 686/794/226 685/793/226 700/808/226 701/809/226
f 694/802/227 693/801/227 708/816/227 709/817/227
f 687/795/228 686/794/228 701/809/228 702/810/228
f 695/803/229 694/802/229 709/817/229 710/818/229
f 688/796/230 687/795/230 702/810/230 703/811/230
f 696/804/231 695/803/231 710/818/231 711/819/231
f 689/797/232 688/796/232 703/811/232 704/812/232
f 697/805/233 696/804/233 711/819/233 712/820/233
f 690/798/234 689/797/234 704/812/234 705/813/234
f 698/806/235 697/805/235 712/820/235 713/821/235
f 691/799/236 690/798/236 705/813/236 706/814/236
f 699/807/522 698/806/522 713/821/522 714/822/522
f 692/800/238 691/799/238 706/814/238 707/815/238
f 685/793/239 564/655/239 700/808/239
f 790/912/240 699/807/240 714/822/240
f 712/820/241 711/819/241 726/834/241 727/835/241
f 705/813/242 704/812/242 719/827/242 720/828/242
f 713/821/243 712/820/243 727/835/243 728/836/243
f 706/814/244 705/813/244 720/828/244 721/829/244
f 714/822/245 713/821/245 728/836/245 729/837/245
f 707/815/246 706/814/246 721/829/246 722/830/246
f 700/808/247 564/656/247 715/823/247
f 790/913/248 714/822/248 729/837/248
f 708/816/249 707/815/249 722/830/249 723/831/249
f 701/809/250 700/808/250 715/823/250 716/824/250
f 709/817/251 708/816/251 723/831/251 724/832/251
f 702/810/252 701/809/252 716/824/252 717/825/252
f 710/818/253 709/817/253 724/832/253 725/833/253
f 703/811/254 702/810/254 717/825/254 718/826/254
f 711/819/255 710/818/255 725/833/255 726/834/255
f 704/812/256 703/811/256 718/826/256 719/827/256
f 716/824/257 715/823/257 730/838/257 731/839/257
f 724/832/258 723/831/258 738/846/258 739/847/258
f 717/825/259 716/824/259 731/839/259 732/840/259
f 725/833/260 724/832/260 739/847/260 740/848/260
f 718/826/261 717/825/261 732/840/261 733/841/261
f 726/834/262 725/833/262 740/848/262 741/849/262
f 719/827/263 718/826/263 733/841/263 734/842/263
f 727/835/264 726/834/264 741/849/264 742/850/264
f 720/828/265 719/827/265 734/842/265 735/843/265
f 728/836/266 727/835/266 742/850/266 743/851/266
f 721/829/267 720/828/267 735/843/267 736/844/267
f 729/837/268 728/836/268 743/851/268 744/852/268
f 722/830/269 721/829/269 736/844/269 737/845/269
f 715/823/270 564/657/270 730/838/270
f 790/914/271 729/837/271 744/852/271
f 723/831/272 722/830/272 737/845/272 738/846/272
f 735/843/273 734/842/273 749/857/273 750/858/273
f 743/851/274 742/850/274 757/865/274 758/866/274
f 736/844/275 735/843/275 750/858/275 751/859/275
f 744/852/523 743/851/523 758/866/523 759/867/523
f 737/845/277 736/844/277 751/859/277 752/860/277
f 730/838/278 564/658/278 745/853/278
f 790/915/279 744/852/279 759/867/279
f 738/846/280 737/845/280 752/860/280 753/861/280
f 731/839/281 730/838/281 745/853/281 746/854/281
f 739/847/282 738/846/282 753/861/282 754/862/282
f 732/840/283 731/839/283 746/854/283 747/855/283
f 740/848/284 739/847/284 754/862/284 755/863/284
f 733/841/285 732/840/285 747/855/285 748/856/285
f 741/849/286 740/848/286 755/863/286 756/864/286
f 734/842/287 733/841/287 748/856/287 749/857/287
f 742/850/288 741/849/288 756/864/288 757/865/288
f 754/862/289 753/861/289 768/876/289 769/877/289
f 747/855/524 746/854/524 761/869/524 762/870/524
f 755/863/291 754/862/291 769/877/291 770/878/291
f 748/856/292 747/855/292 762/870/292 763/871/292
f 756/864/293 755/863/293 770/878/293 771/879/293
f 749/857/294 748/856/294 763/871/294 764/872/294
f 757/865/295 756/864/295 771/879/295 772/880/295
f 750/858/296 749/857/296 764/872/296 765/873/296
f 758/866/525 757/865/525 772/880/525 773/881/525
f 751/859/298 750/858/298 765/873/298 766/874/298
f 759/867/299 758/866/299 773/881/299 774/882/299
f 752/860/300 751/859/300 766/874/300 767/875/300
f 745/853/301 564/659/301 760/868/301
f 790/916/302 759/867/302 774/882/302
f 753/861/303 752/860/303 767/875/303 768/876/303
f 746/854/304 745/853/304 760/868/304 761/869/304
f 773/881/305 772/880/305 787/895/305 788/896/305
f 766/874/306 765/873/306 780/888/306 781/889/306
f 774/882/307 773/881/307 788/896/307 789/897/307
f 767/875/308 766/874/308 781/889/308 782/890/308
f 760/868/309 564/660/309 775/883/309
f 790/917/310 774/882/310 789/897/310
f 768/876/311 767/875/311 782/890/311 783/891/311
f 761/869/312 760/868/312 775/883/312 776/884/312
f 769/877/313 768/876/313 783/891/313 784/892/313
f 762/870/314 761/869/314 776/884/314 777/885/314
f 770/878/315 769/877/315 784/892/315 785/893/315
f 763/871/316 762/870/316 777/885/316 778/886/316
f 771/879/317 770/878/317 785/893/317 786/894/317
f 764/872/318 763/871/318 778/886/318 779/887/318
f 772/880/319 771/879/319 786/894/319 787/895/319
f 765/873/320 764/872/320 779/887/320 780/888/320
f 785/893/321 784/892/321 800/939/321 801/940/321
f 778/886/322 777/885/322 793/932/322 794/933/322
f 786/894/323 785/893/323 801/940/323 802/941/323
f 779/887/324 778/886/324 794/933/324 795/934/324
f 787/895/325 786/894/325 802/941/325 803/942/325
f 780/888/326 779/887/326 795/934/326 796/935/326
f 788/896/327 787/895/327 803/942/327 804/943/327
f 781/889/328 780/888/328 796/935/328 797/936/328
f 789/897/329 788/896/329 804/943/329 805/944/329
f 782/890/330 781/889/330 797/936/330 798/937/330
f 775/883/331 564/661/331 791/930/331
f 790/918/332 789/897/332 805/944/332
f 783/891/333 782/890/333 798/937/333 799/938/333
f 776/884/334 775/883/334 791/930/334 792/931/334
f 784/892/335 783/891/335 799/938/335 800/939/335
f 777/885/336 776/884/336 792/931/336 793/932/336
f 805/944/337 804/943/337 819/958/337 820/959/337
f 798/937/338 797/936/338 812/951/338 813/952/338
f 791/930/339 564/662/339 806/945/339
f 790/919/340 805/944/340 820/959/340
f 799/938/341 798/937/341 813/952/341 814/953/341
f 792/931/342 791/930/342 806/945/342 807/946/342
f 800/939/343 799/938/343 814/953/343 815/954/343
f 793/932/526 792/931/526 807/946/526 808/947/526
f 801/940/345 800/939/345 815/954/345 816/955/345
f 794/933/346 793/932/346 808/947/346 809/948/346
f 802/941/347 801/940/347 816/955/347 817/956/347
f 795/934/348 794/933/348 809/948/348 810/949/348
f 803/942/349 802/941/349 817/956/349 818/957/349
f 796/935/350 795/934/350 810/949/350 811/950/350
f 804/943/527 803/942/527 818/957/527 819/958/527
f 797/936/352 796/935/352 811/950/352 812/951/352
f 809/948/353 808/947/353 823/962/353 824/963/353
f 817/956/354 816/955/354 831/970/354 832/971/354
f 810/949/355 809/948/355 824/963/355 825/964/355
f 818/957/356 817/956/356 832/971/356 833/972/356
f 811/950/357 810/949/357 825/964/357 826/965/357
f 819/958/358 818/957/358 833/972/358 834/973/358
f 812/951/359 811/950/359 826/965/359 827/966/359
f 820/959/360 819/958/360 834/973/360 835/974/360
f 813/952/361 812/951/361 827/966/361 828/967/361
f 806/945/362 564/663/362 821/960/362
f 790/920/363 820/959/363 835/974/363
f 814/953/364 813/952/364 828/967/364 829/968/364
f 807/946/365 806/945/365 821/960/365 822/961/365
f 815/954/366 814/953/366 829/968/366 830/969/366
f 808/947/367 807/946/367 822/961/367 823/962/367
f 816/955/368 815/954/368 830/969/368 831/970/368
f 828/967/369 827/966/369 842/987/369 843/989/369
f 821/960/370 564/664/370 836/975/370
f 790/921/371 835/974/371 850/1003/371
f 829/968/372 828/967/372 843/989/372 844/991/372
f 822/961/373 821/960/373 836/975/373 837/977/373
f 830/969/374 829/968/374 844/991/374 845/993/374
f 823/962/375 822/961/375 837/977/375 838/979/375
f 831/970/376 830/969/376 845/993/376 846/995/376
f 824/963/377 823/962/377 838/979/377 839/981/377
f 832/971/378 831/970/378 846/995/378 847/997/378
f 825/964/379 824/963/379 839/981/379 840/983/379
f 833/972/380 832/971/380 847/997/380 848/999/380
f 826/965/381 825/964/381 840/983/381 841/985/381
f 834/973/382 833/972/382 848/999/382 849/1001/382
f 827/966/383 826/965/383 841/985/383 842/987/383
f 835/974/384 834/973/384 849/1001/384 850/1003/384
f 847/998/385 846/996/385 861/1015/385 862/1016/385
f 840/984/386 839/982/386 854/1008/386 855/1009/386
f 848/1000/387 847/998/387 862/1016/387 863/1017/387
f 841/986/388 840/984/388 855/1009/388 856/1010/388
f 849/1002/389 848/1000/389 863/1017/389 864/1018/389
f 842/988/390 841/986/390 856/1010/390 857/1011/390
f 850/1004/391 849/1002/391 864/1018/391 865/1019/391
f 843/990/528 842/988/528 857/1011/528 858/1012/528
f 836/976/393 564/665/393 851/1005/393
f 790/922/394 850/1004/394 865/1019/394
f 844/992/529 843/990/529 858/1012/529 859/1013/529
f 837/978/396 836/976/396 851/1005/396 852/1006/396
f 845/994/397 844/992/397 859/1013/397 860/1014/397
f 838/980/398 837/978/398 852/1006/398 853/1007/398
f 846/996/399 845/994/399 860/1014/399 861/1015/399
f 839/982/400 838/980/400 853/1007/400 854/1008/400
f 851/1005/401 564/666/401 866/1020/401
f 790/923/402 865/1019/402 880/1034/402
f 859/1013/403 858/1012/403 873/1027/403 874/1028/403
f 852/1006/404 851/1005/404 866/1020/404 867/1021/404
f 860/1014/405 859/1013/405 874/1028/405 875/1029/405
f 853/1007/406 852/1006/406 867/1021/406 868/1022/406
f 861/1015/407 860/1014/407 875/1029/407 876/1030/407
f 854/1008/408 853/1007/408 868/1022/408 869/1023/408
f 862/1016/409 861/1015/409 876/1030/409 877/1031/409
f 855/1009/410 854/1008/410 869/1023/410 870/1024/410
f 863/1017/411 862/1016/411 877/1031/411 878/1032/411
f 856/1010/412 855/1009/412 870/1024/412 871/1025/412
f 864/1018/413 863/1017/413 878/1032/413 879/1033/413
f 857/1011/414 856/1010/414 871/1025/414 872/1026/414
f 865/1019/415 864/1018/415 879/1033/415 880/1034/415
f 858/1012/416 857/1011/416 872/1026/416 873/1027/416
f 870/1024/417 869/1023/417 884/1038/417 885/1039/417
f 878/1032/418 877/1031/418 892/1046/418 893/1047/418
f 871/1025/419 870/1024/419 885/1039/419 886/1040/419
f 879/1033/420 878/1032/420 893/1047/420 894/1048/420
f 872/1026/421 871/1025/421 886/1040/421 887/1041/421
f 880/1034/422 879/1033/422 894/1048/422 895/1049/422
f 873/1027/530 872/1026/530 887/1041/530 888/1042/530
f 866/1020/424 564/667/424 881/1035/424
f 790/924/425 880/1034/425 895/1049/425
f 874/1028/531 873/1027/531 888/1042/531 889/1043/531
f 867/1021/427 866/1020/427 881/1035/427 882/1036/427
f 875/1029/428 874/1028/428 889/1043/428 890/1044/428
f 868/1022/429 867/1021/429 882/1036/429 883/1037/429
f 876/1030/430 875/1029/430 890/1044/430 891/1045/430
f 869/1023/431 868/1022/431 883/1037/431 884/1038/431
f 877/1031/432 876/1030/432 891/1045/432 892/1046/432
f 889/1043/433 888/1042/433 903/1057/433 904/1058/433
f 882/1036/434 881/1035/434 896/1050/434 897/1051/434
f 890/1044/435 889/1043/435 904/1058/435 905/1059/435
f 883/1037/436 882/1036/436 897/1051/436 898/1052/436
f 891/1045/437 890/1044/437 905/1059/437 906/1060/437
f 884/1038/438 883/1037/438 898/1052/438 899/1053/438
f 892/1046/439 891/1045/439 906/1060/439 907/1061/439
f 885/1039/440 884/1038/440 899/1053/440 900/1054/440
f 893/1047/441 892/1046/441 907/1061/441 908/1062/441
f 886/1040/442 885/1039/442 900/1054/442 901/1055/442
f 894/1048/443 893/1047/443 908/1062/443 909/1063/443
f 887/1041/444 886/1040/444 901/1055/444 902/1056/444
f 895/1049/445 894/1048/445 909/1063/445 910/1064/445
f 888/1042/446 887/1041/446 902/1056/446 903/1057/446
f 881/1035/447 564/668/447 896/1050/447
f 790/925/448 895/1049/448 910/1064/448
f 908/1062/449 907/1061/449 922/1076/449 923/1077/449
f 901/1055/450 900/1054/450 915/1069/450 916/1070/450
f 909/1063/451 908/1062/451 923/1077/451 924/1078/451
f 902/1056/452 901/1055/452 916/1070/452 917/1071/452
f 910/1064/453 909/1063/453 924/1078/453 925/1079/453
f 903/1057/454 902/1056/454 917/1071/454 918/1072/454
f 896/1050/455 564/669/455 911/1065/455
f 790/926/456 910/1064/456 925/1079/456
f 904/1058/457 903/1057/457 918/1072/457 919/1073/457
f 897/1051/458 896/1050/458 911/1065/458 912/1066/458
f 905/1059/459 904/1058/459 919/1073/459 920/1074/459
f 898/1052/460 897/1051/460 912/1066/460 913/1067/460
f 906/1060/461 905/1059/461 920/1074/461 921/1075/461
f 899/1053/462 898/1052/462 913/1067/462 914/1068/462
f 907/1061/463 906/1060/463 921/1075/463 922/1076/463
f 900/1054/464 899/1053/464 914/1068/464 915/1069/464
f 920/1074/465 919/1073/465 934/1088/465 935/1089/465
f 913/1067/466 912/1066/466 927/1081/466 928/1082/466
f 921/1075/467 920/1074/467 935/1089/467 936/1090/467
f 914/1068/468 913/1067/468 928/1082/468 929/1083/468
f 922/1076/469 921/1075/469 936/1090/469 937/1091/469
f 915/1069/470 914/1068/470 929/1083/470 930/1084/470
f 923/1077/471 922/1076/471 937/1091/471 938/1092/471
f 916/1070/472 915/1069/472 930/1084/472 931/1085/472
f 924/1078/473 923/1077/473 938/1092/473 939/1093/473
f 917/1071/474 916/1070/474 931/1085/474 932/1086/474
f 925/1079/475 924/1078/475 939/1093/475 940/1094/475
f 918/1072/476 917/1071/476 932/1086/476 933/1087/476
f 911/1065/477 564/670/477 926/1080/477
f 790/927/478 925/1079/478 940/1094/478
f 919/1073/479 918/1072/479 933/1087/479 934/1088/479
f 912/1066/480 911/1065/480 926/1080/480 927/1081/480
f 939/1093/481 938/1092/481 953/1107/481 954/1108/481
f 932/1086/482 931/1085/482 946/1100/482 947/1101/482
f 940/1094/532 939/1093/532 954/1108/532 955/1109/532
f 933/1087/484 932/1086/484 947/1101/484 948/1102/484
f 926/1080/485 564/671/485 941/1095/485
f 790/928/486 940/1094/486 955/1109/486
f 934/1088/487 933/1087/487 948/1102/487 949/1103/487
f 927/1081/488 926/1080/488 941/1095/488 942/1096/488
f 935/1089/489 934/1088/489 949/1103/489 950/1104/489
f 928/1082/490 927/1081/490 942/1096/490 943/1097/490
f 936/1090/491 935/1089/491 950/1104/491 951/1105/491
f 929/1083/492 928/1082/492 943/1097/492 944/1098/492
f 937/1091/493 936/1090/493 951/1105/493 952/1106/493
f 930/1084/494 929/1083/494 944/1098/494 945/1099/494
f 938/1092/495 937/1091/495 952/1106/495 953/1107/495
f 931/1085/496 930/1084/496 945/1099/496 946/1100/496
f 943/1097/497 942/1096/497 957/1111/497 483/560/497
f 951/1105/498 950/1104/498 960/1114/498 488/565/498
f 944/1098/499 943/1097/499 483/560/499 958/1112/499
f 952/1106/500 951/1105/500 488/565/500 961/1115/500
f 945/1099/501 944/1098/501 958/1112/501 484/561/501
f 953/1107/502 952/1106/502 961/1115/502 962/1116/502
f 946/1100/503 945/1099/503 484/561/503 959/1113/503
f 954/1108/504 953/1107/504 962/1116/504 963/1117/504
f 947/1101/505 946/1100/505 959/1113/505 485/562/505
f 955/1109/506 954/1108/506 963/1117/506 964/1118/506
f 948/1102/507 947/1101/507 485/562/507 486/563/507
f 941/1095/508 564/672/508 956/1110/508
f 790/929/509 955/1109/509 964/1118/509
f 949/1103/510 948/1102/510 486/563/510 487/564/510
f 942/1096/511 941/1095/511 956/1110/511 957/1111/511
f 950/1104/512 949/1103/512 487/564/512 960/1114/512
